project,testClassName,testMethodName,assertion-roulette,conditional-test-logic,eager-test,fire-and-forget,indirect-testing,mystery-guest,resource-optimism,test-run-war,Unnamed: 11
Achilles,info.archinnov.achilles.it.TestJSONCall,should_select_json_star,0,0,0,0,0,0,0,0,
Achilles,info.archinnov.achilles.it.TestFunctionCallsSimpleEntity,should_fail_call_writetime_on_another_function_call,0,0,0,0,0,0,0,0,
Achilles,info.archinnov.achilles.it.TestJSONCall,should_update_using_fromJson,1,0,0,0,0,0,0,0,
Achilles,info.archinnov.achilles.it.TestDynamicKeyspaceWithUDTJSON,should_crud_delete_json_with_dynamic_ks,0,0,0,0,0,0,0,0,
Achilles,info.archinnov.achilles.it.TestFunctionCallsSimpleEntity,should_dsl_with_nested_system_function_call,1,0,0,0,0,0,0,0,
Achilles,info.archinnov.achilles.it.TestEntityWithIndicesForJSON,should_query_using_full_collection_index_fromJSON,1,0,0,0,0,0,0,0,
Achilles,info.archinnov.achilles.it.TestDynamicKeyspaceWithUDTJSON,should_crud_insert_json_with_dynamic_ks,0,0,0,0,0,0,0,0,
Achilles,info.archinnov.achilles.it.TestEntityWithIndicesForJSON,should_query_using_index_and_partition_key_asJSON,1,0,0,0,0,0,0,0,
Achilles,info.archinnov.achilles.it.TestFunctionCallsSimpleEntity,should_call_user_defined_functions,1,0,0,0,0,0,0,0,
Achilles,info.archinnov.achilles.it.TestFunctionCallsSimpleEntity,should_dsl_with_system_function_call,1,0,0,0,0,0,0,0,
Achilles,info.archinnov.achilles.it.TestEntityWithIndicesForJSON,should_query_using_map_key_entry_fromJSON,1,0,0,0,0,0,0,0,
Achilles,info.archinnov.achilles.it.TestJSONCall,should_insert_json_if_not_exists,1,0,0,0,0,0,0,0,
Achilles,info.archinnov.achilles.it.TestDynamicKeyspaceWithUDTJSON,should_crud_select_json_with_dynamic_ks,0,0,0,0,0,0,0,0,
Achilles,info.archinnov.achilles.it.TestEntityWithIndicesForJSON,should_query_using_collection_index_fromJSON,1,0,0,0,0,0,0,0,
Achilles,info.archinnov.achilles.it.TestJSONCall,should_select_toJson,1,0,0,0,0,0,0,0,
Achilles,info.archinnov.achilles.it.TestJSONCall,should_delete_using_fromJson,0,0,0,0,0,0,0,0,
Achilles,info.archinnov.achilles.it.TestEntityWithIndicesForJSON,should_query_using_map_key_value_fromJSON,1,0,0,0,0,0,0,0,
Achilles,info.archinnov.achilles.it.TestEntityWithIndicesForJSON,should_query_using_simple_index_fromJSON,1,0,0,0,0,0,0,0,
Achilles,info.archinnov.achilles.it.TestJSONCall,should_select_allJSON,0,0,0,0,0,0,0,0,
Achilles,info.archinnov.achilles.it.TestEntityWithIndicesForJSON,should_query_using_map_key_index_fromJSON,1,0,0,0,0,0,0,0,
Achilles,info.archinnov.achilles.it.TestEntityWithIndicesForJSON,should_query_using_index_and_clustering_column_fromJSON,1,0,0,0,0,0,0,0,
Achilles,info.archinnov.achilles.it.TestFunctionCallsSimpleEntity,should_dsl_with_udf_call,1,0,0,0,0,0,0,0,
Achilles,info.archinnov.achilles.it.TestJSONCall,should_insert_json,1,0,0,0,0,0,0,0,
Achilles,info.archinnov.achilles.internals.codegen.meta.EntityMetaCodeGenTest,should_fail_building_view_meta_without_view_annotation,0,0,0,0,0,0,0,0,
Achilles,info.archinnov.achilles.internals.parser.FieldParserTest,should_fail_parsing_SASI_standardAnalyzer_But_NotAnalyzed,0,0,0,0,0,0,0,0,
Achilles,info.archinnov.achilles.internals.strategy.FrozenNestedTypeStrategyTest,should_not_fail_for_non_frozen_map_tupleValueKey,0,0,0,0,0,0,0,0,
Achilles,info.archinnov.achilles.internals.codegen.meta.EntityMetaCodeGenTest,should_build_entity_with_static_counter_column,0,0,0,0,0,0,0,0,
Achilles,info.archinnov.achilles.internals.parser.FieldInfoParserTest,should_fail_if_clustering_column_order_zero,0,0,0,0,0,0,0,0,
Achilles,info.archinnov.achilles.internals.parser.FieldParserTest,should_parse_udt,1,0,0,0,0,0,0,0,
Achilles,info.archinnov.achilles.internals.parser.FieldParserTest,should_parse_tuple7,1,0,0,0,0,0,0,0,
Achilles,info.archinnov.achilles.internals.codegen.meta.EntityMetaCodeGenTest,should_build_entity_with_static_column,0,0,0,0,0,0,0,0,
Achilles,info.archinnov.achilles.internals.parser.FieldParserTest,should_fail_parsing_SASI_analyzed_but_SPARSE,0,0,0,0,0,0,0,0,
Achilles,info.archinnov.achilles.internals.strategy.naming.SnakeCaseNamingTest,should_return_snake_case,0,0,0,0,1,0,0,0,
Achilles,info.archinnov.achilles.internals.parser.FieldInfoParserTest,should_fail_compilation_when_no_suitable_setter,0,0,0,0,0,0,0,0,
Achilles,info.archinnov.achilles.internals.codegen.meta.EntityMetaCodeGenTest,should_fail_building_abstract_class,0,0,0,0,0,0,0,0,
Achilles,info.archinnov.achilles.internals.parser.EntityParserTest,should_generate_meta_signature_for_complex_types_javac,0,0,0,0,0,0,0,0,
Achilles,info.archinnov.achilles.internals.parser.FieldInfoParserTest,should_build_udt_index_info,0,0,0,0,0,0,0,0,
Achilles,info.archinnov.achilles.internals.parser.validator.TypeValidatorTest,should_validate_primitiveByteArray,0,0,0,0,1,0,0,0,
Achilles,info.archinnov.achilles.internals.strategy.FrozenNestedTypeStrategyTest,should_fail_for_non_frozen_map_list,0,0,0,0,0,0,0,0,
Achilles,info.archinnov.achilles.internals.parser.validator.TypeValidatorTest,should_validate_objectByteArray,0,0,0,0,1,0,0,0,
Achilles,info.archinnov.achilles.internals.parser.FieldParserTest,should_fail_parsing_SASI_standardAnalyzer_Not_String,0,0,0,0,0,0,0,0,
Achilles,info.archinnov.achilles.internals.strategy.naming.LowerCaseNamingTest,should_return_blank_name,0,0,0,0,1,0,0,0,
Achilles,info.archinnov.achilles.internals.parser.AnnotationTreeTest,should_build_annotation_tree_for_map_javac,1,0,1,0,0,0,0,0,
Achilles,info.archinnov.achilles.internals.parser.validator.cassandra3_0.BeanValidator3_0Test,should_validate_view_against_base_table,0,0,0,0,0,0,0,0,
Achilles,info.archinnov.achilles.internals.parser.CodecFactoryTest,should_create_JavaType_for_parameterized_type,0,0,0,0,0,0,0,0,
Achilles,info.archinnov.achilles.internals.parser.CodecFactoryTest,should_create_codec_for_primitive_byte,1,0,0,0,0,0,0,0,
Achilles,info.archinnov.achilles.internals.parser.FieldInfoParserTest,should_build_not_indexed_map_index_info,0,0,0,0,0,0,0,0,
Achilles,info.archinnov.achilles.internals.codegen.meta.EntityMetaCodeGenTest,should_fail_building_class_with_static_without_clustering,0,0,0,0,0,0,0,0,
Achilles,info.archinnov.achilles.internals.parser.validator.cassandra3_0.BeanValidator3_0Test,should_fail_validating_view_because_column_not_in_base,0,0,0,0,0,0,0,0,
Achilles,info.archinnov.achilles.internals.strategy.FrozenNestedTypeStrategyTest,should_fail_for_non_frozen_map_udtKey,0,0,0,0,0,0,0,0,
Achilles,info.archinnov.achilles.internals.codegen.meta.EntityMetaCodeGenTest,should_fail_building_class_with_wrong_clustering_column_order,0,0,0,0,0,0,0,0,
Achilles,info.archinnov.achilles.internals.parser.FieldParserTest,should_fail_parsing_SASI_analyzed_but_NoOpAnalyzer,0,0,0,0,0,0,0,0,
Achilles,info.archinnov.achilles.internals.parser.FieldParserTest,should_parse_tuple9,1,0,0,0,0,0,0,0,
Achilles,info.archinnov.achilles.internals.types.OverridingOptionalFinalTest,should_get_first_present_value,0,0,0,0,0,0,0,0,
Achilles,info.archinnov.achilles.internals.parser.validator.BeanValidatorTest,should_validate_entity_with_EntityCreator_constructor,1,0,0,0,0,0,0,0,
Achilles,info.archinnov.achilles.internals.parser.CodecFactoryTest,should_create_codec_for_transformed_int,1,0,0,0,0,0,0,0,
Achilles,info.archinnov.achilles.internals.parser.CodecFactoryTest,should_create_native_codec_for_computed,1,0,0,0,0,0,0,0,
Achilles,info.archinnov.achilles.internals.parser.FieldInfoParserTest,should_fail_building_map_with_multiple_indices,0,0,0,0,0,0,0,0,
Achilles,info.archinnov.achilles.internals.parser.FieldParserTest,should_fail_parsing_SASI_stemming_But_NotString,0,0,0,0,0,0,0,0,
Achilles,info.archinnov.achilles.internals.parser.FieldParserTest,should_fail_parsing_partition_key_in_udt,0,0,0,0,0,0,0,0,
Achilles,info.archinnov.achilles.internals.parser.FieldParserTest,should_parse_map_udt,1,0,0,0,0,0,0,0,
Achilles,info.archinnov.achilles.internals.strategy.naming.SnakeCaseNamingTest,should_return_blank_name,0,0,0,0,1,0,0,0,
Achilles,info.archinnov.achilles.internals.parser.FunctionParserTest,should_parse_function_with_keyspace,1,0,0,0,0,0,0,0,
Achilles,info.archinnov.achilles.internals.parser.validator.TypeValidatorTest,should_validate_tuple1,0,0,0,0,1,0,0,0,
Achilles,info.archinnov.achilles.internals.parser.CodecFactoryTest,should_create_codec_for_primitive_byte_array,1,0,0,0,0,0,0,0,
Achilles,info.archinnov.achilles.internals.parser.EntityParserTest,should_generate_meta_signature_for_immutable_entity_javac,0,0,0,0,0,0,0,0,
Achilles,info.archinnov.achilles.internals.parser.AnnotationTreeTest,should_build_trees_for_other_fields_javac,1,0,1,0,0,0,0,0,
Achilles,info.archinnov.achilles.internals.parser.CodecFactoryTest,should_create_codec_for_enumerated,1,0,0,0,0,0,0,0,
Achilles,info.archinnov.achilles.internals.strategy.naming.SnakeCaseNamingTest,should_return_blank_name_on_null,0,0,0,0,1,0,0,0,
Achilles,info.archinnov.achilles.internals.parser.FieldParserTest,should_fail_parsing_SASI_stemming_But_NotAnalyzed,0,0,0,0,0,0,0,0,
Achilles,info.archinnov.achilles.internals.parser.FieldInfoParserTest,should_generate_field_info_for_map,0,0,0,0,0,0,0,0,
Achilles,info.archinnov.achilles.internals.codegen.meta.EntityMetaCodeGenTest,should_build_entity_with_complex_indices,0,0,0,0,0,0,0,0,
Achilles,info.archinnov.achilles.internals.parser.FieldParserTest,should_parse_transformed_type,1,0,0,0,0,0,0,0,
Achilles,info.archinnov.achilles.internals.strategy.naming.LowerCaseNamingTest,should_return_blank_name_on_null,0,0,0,0,1,0,0,0,
Achilles,info.archinnov.achilles.internals.parser.FieldParserTest,should_fail_parsing_SASI_SPARSE_But_String,0,0,0,0,0,0,0,0,
Achilles,info.archinnov.achilles.internals.parser.FunctionParserTest,should_fail_parsing_function_with_primitive_return_type,0,0,0,0,0,0,0,0,
Achilles,info.archinnov.achilles.internals.strategy.FrozenNestedTypeStrategyTest,should_not_fail_for_non_frozen_tuple_map,0,0,0,0,0,0,0,0,
Achilles,info.archinnov.achilles.internals.strategy.FrozenNestedTypeStrategyTest,should_fail_for_non_frozen_udt,0,0,0,0,0,0,0,0,
Achilles,info.archinnov.achilles.internals.parser.validator.TypeValidatorTest,should_fail_on_invalidUpperBound,1,0,0,0,1,0,0,0,
Achilles,info.archinnov.achilles.internals.codegen.meta.EntityMetaCodeGenTest,should_build_view_meta,0,0,0,0,0,0,0,0,
Achilles,info.archinnov.achilles.internals.strategy.FrozenNestedTypeStrategyTest,should_fail_for_non_frozen_map_udtValueKey,0,0,0,0,0,0,0,0,
Achilles,info.archinnov.achilles.internals.parser.FieldInfoParserTest,should_build_normal_column_info,0,0,0,0,0,0,0,0,
Achilles,info.archinnov.achilles.internals.strategy.FrozenNestedTypeStrategyTest,should_not_fail_for_non_frozen_map_tupleValue,0,0,0,0,0,0,0,0,
Achilles,info.archinnov.achilles.internals.strategy.FrozenNestedTypeStrategyTest,should_not_fail_for_non_frozen_map_tuple,0,0,0,0,0,0,0,0,
Achilles,info.archinnov.achilles.internals.parser.FieldParserTest,should_parse_optional_protocol_version_from_inline_codec,1,0,0,0,0,0,0,0,
Achilles,info.archinnov.achilles.internals.codegen.meta.EntityMetaCodeGenTest,should_fail_building_child_class_with_shadowed_field,0,0,0,0,0,0,0,0,
Achilles,info.archinnov.achilles.internals.parser.FieldParserTest,should_parse_ascii,1,0,0,0,0,0,0,0,
Achilles,info.archinnov.achilles.internals.parser.FieldParserTest,should_parse_tuple5,1,0,0,0,0,0,0,0,
Achilles,info.archinnov.achilles.internals.parser.FieldInfoParserTest,should_build_map_value_index_info,0,0,0,0,0,0,0,0,
Achilles,info.archinnov.achilles.internals.strategy.FrozenNestedTypeStrategyTest,should_not_fail_for_non_frozen_list_tupleValue,0,0,0,0,0,0,0,0,
Achilles,info.archinnov.achilles.internals.codegen.meta.EntityMetaCodeGenTest,should_build_entity_with_clustering_column,0,0,0,0,0,0,0,0,
Achilles,info.archinnov.achilles.internals.parser.FieldInfoParserTest,should_build_computed_column_type,0,0,0,0,0,0,0,0,
Achilles,info.archinnov.achilles.internals.parser.EntityParserTest,should_fail_because_no_matching_field_name_for_constructor_param_javac,0,0,0,0,0,0,0,0,
Achilles,info.archinnov.achilles.internals.utils.TypeNameHelperTest,should_convert_type_name_to_string,1,0,0,0,1,0,0,0,
Achilles,info.archinnov.achilles.internals.parser.FieldInfoParserTest,should_fail_if_both_partition_and_clustering_column,0,0,0,0,0,0,0,0,
Achilles,info.archinnov.achilles.internals.parser.FieldInfoParserTest,should_generate_field_info_for_UpperCase,0,0,0,0,0,0,0,0,
Achilles,info.archinnov.achilles.internals.parser.FieldParserTest,should_parse_enumerated_type,1,0,0,0,0,0,0,0,
Achilles,info.archinnov.achilles.internals.parser.FunctionParserTest,should_fail_parsing_function_with_void_return_type,0,0,0,0,0,0,0,0,
Achilles,info.archinnov.achilles.internals.parser.FieldParserTest,should_parse_map_of_double_array,1,0,0,0,0,0,0,0,
Achilles,info.archinnov.achilles.internals.parser.FieldParserTest,should_parse_computed_field_with_codec,1,0,0,0,0,0,0,0,
Achilles,info.archinnov.achilles.internals.parser.FieldParserTest,should_parse_object_byte_array,1,0,0,0,0,0,0,0,
Achilles,info.archinnov.achilles.internals.parser.FieldParserTest,should_parse_jdk8_zoned_date_time,1,0,0,0,0,0,0,0,
Achilles,info.archinnov.achilles.internals.parser.AnnotationTreeTest,should_build_treemap_for_codec_annotation_javac,1,0,1,0,0,0,0,0,
Achilles,info.archinnov.achilles.internals.parser.AnnotationTreeTest,should_build_treemap_for_clustering_column_annotation_java,1,0,1,0,0,0,0,0,
Achilles,info.archinnov.achilles.internals.parser.FieldParserTest,should_parse_tuple4,1,0,0,0,0,0,0,0,
Achilles,info.archinnov.achilles.internals.parser.FunctionParserTest,should_fail_parsing_function_OpsCenter_keyspace_name,0,0,0,0,0,0,0,0,
Achilles,info.archinnov.achilles.internals.parser.FieldParserTest,should_fail_parsing_SASI_on_set,0,0,0,0,0,0,0,0,
Achilles,info.archinnov.achilles.internals.parser.FieldInfoParserTest,should_build_list_not_index_info,0,0,0,0,0,0,0,0,
Achilles,info.archinnov.achilles.type.TypedMapTest,should_build_typed_map_from_source,1,0,1,0,0,0,0,0,
Achilles,info.archinnov.achilles.internals.parser.validator.cassandra3_0.BeanValidator3_0Test,should_fail_validating_view_without_base_entity,0,0,0,0,0,0,0,0,
Achilles,info.archinnov.achilles.internals.parser.FieldInfoParserTest,should_fail_if_both_clustering_and_static_column,0,0,0,0,0,0,0,0,
Achilles,info.archinnov.achilles.internals.parser.FieldInfoParserTest,should_build_frozen_list_index_info,0,0,0,0,0,0,0,0,
Achilles,info.archinnov.achilles.internals.parser.validator.TypeValidatorTest,should_fail_on_invalidTypeNestedType,1,0,0,0,1,0,0,0,
Achilles,info.archinnov.achilles.internals.parser.FieldParserTest,should_parse_string_type,1,0,0,0,0,0,0,0,
Achilles,info.archinnov.achilles.internals.strategy.FrozenNestedTypeStrategyTest,should_fail_validating_index_depth_gt_2,0,0,0,0,0,0,0,0,
Achilles,info.archinnov.achilles.internals.parser.FieldParserTest,should_fail_parsing_SASI_lowercase_But_NotAnalyzed,0,0,0,0,0,0,0,0,
Achilles,info.archinnov.achilles.internals.codegen.meta.EntityMetaCodeGenTest,should_fail_building_class_with_wrong_composite_partition_key_order,0,0,0,0,0,0,0,0,
Achilles,info.archinnov.achilles.internals.codegen.meta.EntityMetaCodeGenTest,should_build_entity_with_complex_types,0,0,0,0,0,0,0,0,
Achilles,info.archinnov.achilles.internals.parser.CodecFactoryTest,should_create_codec_for_json,1,0,0,0,0,0,0,0,
Achilles,info.archinnov.achilles.internals.codegen.meta.EntityMetaCodeGenTest,should_build_entity_with_complex_counter_types,0,0,0,0,0,0,0,0,
Achilles,info.archinnov.achilles.internals.codegen.meta.EntityMetaCodeGenTest,should_build_entity_with_counter_column,0,0,0,0,0,0,0,0,
Achilles,info.archinnov.achilles.internals.parser.FieldParserTest,should_parse_codec_from_registry,1,0,0,0,0,0,0,0,
Achilles,info.archinnov.achilles.internals.parser.FieldInfoParserTest,should_generate_field_info_for_objectBoolean,0,0,0,0,0,0,0,0,
Achilles,info.archinnov.achilles.internals.parser.FieldParserTest,should_parse_optional_string,1,0,0,0,0,0,0,0,
Achilles,info.archinnov.achilles.internals.parser.FieldParserTest,should_parse_non_frozen_udt,1,0,0,0,0,0,0,0,
Achilles,info.archinnov.achilles.internals.parser.validator.cassandra3_0.BeanValidator3_0Test,should_fail_validating_view_because_missing_base_pk,0,0,0,0,0,0,0,0,
Achilles,info.archinnov.achilles.internals.parser.FunctionParserTest,should_fail_parsing_function_forbidden_keyspace_name,0,0,0,0,0,0,0,0,
Achilles,info.archinnov.achilles.internals.parser.validator.TypeValidatorTest,should_validate_tuple3,0,0,0,0,1,0,0,0,
Achilles,info.archinnov.achilles.internals.parser.validator.TypeValidatorTest,should_validate_primitiveByte,0,0,0,0,0,0,0,0,
Achilles,info.archinnov.achilles.internals.parser.validator.cassandra3_0.BeanValidator3_0Test,should_fail_validating_view_because_more_than_1_non_pk,0,0,0,0,0,0,0,0,
Achilles,info.archinnov.achilles.internals.parser.FieldInfoParserTest,should_build_normal_column_type,0,0,0,0,0,0,0,0,
Achilles,info.archinnov.achilles.internals.parser.FieldParserTest,should_parse_list_nesting,1,0,0,0,0,0,0,0,
Achilles,info.archinnov.achilles.internals.parser.FieldInfoParserTest,should_fail_if_both_static_and_computed_column,0,0,0,0,0,0,0,0,
Achilles,info.archinnov.achilles.internals.parser.FieldParserTest,should_parse_tuple3,1,0,0,0,0,0,0,0,
Achilles,info.archinnov.achilles.internals.codegen.meta.EntityMetaCodeGenTest,should_build_entity_with_custom_constructor,0,0,0,0,1,0,0,0,
Achilles,info.archinnov.achilles.internals.parser.EntityParserTest,should_fail_because_incorrect_field_type_for_declared_constructor_param_javac,0,0,0,0,0,0,0,0,
Achilles,info.archinnov.achilles.internals.parser.FieldParserTest,should_fail_parsing_codec_from_registry,0,0,0,0,0,0,0,0,
Achilles,info.archinnov.achilles.internals.parser.FieldParserTest,should_parse_timeuuid,1,0,0,0,0,0,0,0,
Achilles,info.archinnov.achilles.internals.parser.AnnotationTreeTest,should_build_trees_map_for_level1_nesting_javac,1,0,1,0,0,0,0,0,
Achilles,info.archinnov.achilles.internals.parser.FieldParserTest,should_parse_json_type,1,0,0,0,0,0,0,0,
Achilles,info.archinnov.achilles.internals.parser.CodecFactoryTest,should_create_JavaType_for_simple_type,0,0,0,0,0,0,0,0,
Achilles,info.archinnov.achilles.internals.strategy.FrozenNestedTypeStrategyTest,should_fail_for_non_frozen_udtValue,0,0,0,0,0,0,0,0,
Achilles,info.archinnov.achilles.internals.codegen.meta.EntityMetaCodeGenTest,should_fail_building_view_meta_with_entity_annotation,0,0,0,0,0,0,0,0,
Achilles,info.archinnov.achilles.internals.parser.FieldParserTest,should_parse_simple_codec_from_registry,1,0,0,0,0,0,0,0,
Achilles,info.archinnov.achilles.internals.parser.EntityParserTest,should_generate_meta_signature_for_view_javac,0,0,0,0,0,0,0,0,
Achilles,info.archinnov.achilles.internals.parser.FieldParserTest,should_fail_parsing_SASI_analyzed_but_not_string,0,0,0,0,0,0,0,0,
Achilles,info.archinnov.achilles.internals.parser.validator.TypeValidatorTest,should_fail_on_invalidType,1,0,0,0,1,0,0,0,
Achilles,info.archinnov.achilles.internals.parser.FieldParserTest,should_fail_parsing_static_column_in_udt,0,0,0,0,0,0,0,0,
Achilles,info.archinnov.achilles.internals.codegen.meta.EntityMetaCodeGenTest,should_build_entity_with_custom_constructor_with_declared_fields,0,0,0,0,1,0,0,0,
Achilles,info.archinnov.achilles.internals.parser.EntityParserTest,should_fail_because_incorrect_field_type_for_constructor_param_javac,0,0,0,0,0,0,0,0,
Achilles,info.archinnov.achilles.internals.parser.validator.TypeValidatorTest,should_fail_on_invalidWildCard,1,0,0,0,1,0,0,0,
Achilles,info.archinnov.achilles.internals.strategy.FrozenNestedTypeStrategyTest,should_not_fail_for_non_frozen_tuple_tupleValue,0,0,0,0,0,0,0,0,
Achilles,info.archinnov.achilles.internals.codegen.meta.EntityMetaCodeGenTest,should_build_entity_with_computed_column,0,0,0,0,0,0,0,0,
Achilles,info.archinnov.achilles.internals.parser.FunctionParserTest,should_parse_function,1,0,0,0,0,0,0,0,
Achilles,info.archinnov.achilles.internals.parser.FieldParserTest,should_parse_nested_tuple,1,0,0,0,0,0,0,0,
Achilles,info.archinnov.achilles.internals.parser.FieldParserTest,should_fail_parsing_SASI_lowercase_But_Not_String,0,0,0,0,0,0,0,0,
Achilles,info.archinnov.achilles.internals.parser.FieldInfoParserTest,should_generate_field_info_for_public_final_columns,0,0,0,0,0,0,0,0,
Achilles,info.archinnov.achilles.internals.parser.FieldParserTest,should_parse_tuple_nesting,1,0,0,0,0,0,0,0,
Achilles,info.archinnov.achilles.internals.parser.FieldParserTest,should_parse_nested_int_array,1,0,0,0,0,0,0,0,
Achilles,info.archinnov.achilles.internals.strategy.FrozenNestedTypeStrategyTest,should_validate_index_depth_2,0,0,0,0,0,0,0,0,
Achilles,info.archinnov.achilles.internals.parser.FieldInfoParserTest,should_build_partition_column_info,0,0,0,0,0,0,0,0,
Achilles,info.archinnov.achilles.internals.parser.FunctionParserTest,should_parse_functions_with_complex_types_javac,1,0,0,0,0,0,0,0,
Achilles,info.archinnov.achilles.internals.parser.FieldInfoParserTest,should_build_static_counter_column_type,0,0,0,0,0,0,0,0,
Achilles,info.archinnov.achilles.internals.parser.FieldParserTest,should_parse_primitive_boolean,1,0,0,0,0,0,0,0,
Achilles,info.archinnov.achilles.internals.parser.CodecFactoryTest,should_fail_creating_JavaType_for_wildcard_type,0,0,0,0,0,0,0,0,
Achilles,info.archinnov.achilles.internals.parser.FieldParserTest,should_parse_complex_nested_map,1,0,0,0,0,0,0,0,
Achilles,info.archinnov.achilles.internals.strategy.FrozenNestedTypeStrategyTest,should_fail_for_non_frozen_map_udtValue,0,0,0,0,0,0,0,0,
Achilles,info.archinnov.achilles.internals.parser.FieldInfoParserTest,should_fail_if_both_partition_and_computed_column,0,0,0,0,0,0,0,0,
Achilles,info.archinnov.achilles.internals.parser.CodecFactoryTest,should_fail_creating_native_codec_for_computed_if_target_type_not_matched,0,0,0,0,0,0,0,0,
Achilles,info.archinnov.achilles.internals.parser.FieldInfoParserTest,should_build_map_entry_index_info,0,0,0,0,0,0,0,0,
Achilles,info.archinnov.achilles.internals.strategy.FrozenNestedTypeStrategyTest,should_fail_for_non_frozen_list_udt,0,0,0,0,0,0,0,0,
Achilles,info.archinnov.achilles.internals.parser.FieldParserTest,should_parse_object_boolean,1,0,0,0,0,0,0,0,
Achilles,info.archinnov.achilles.internals.parser.FieldInfoParserTest,should_build_computed_column_info,0,0,0,0,0,0,0,0,
Achilles,info.archinnov.achilles.internals.strategy.FrozenNestedTypeStrategyTest,should_validate_index_depth_1,0,0,0,0,0,0,0,0,
Achilles,info.archinnov.achilles.internals.parser.validator.BeanValidatorTest,should_fail_validating_an_abstract_class,0,0,0,0,0,0,0,0,
Achilles,info.archinnov.achilles.internals.codegen.meta.EntityMetaCodeGenTest,should_fail_building_view_meta_with_static_column,0,0,0,0,0,0,0,0,
Achilles,info.archinnov.achilles.internals.codegen.index.IndexSelectDSLCodeGenTest,should_generate_indexed_select_dsl_class_with_udt,1,0,0,0,0,0,0,0,
Achilles,info.archinnov.achilles.internals.strategy.FrozenNestedTypeStrategyTest,should_fail_for_non_frozen_map_listKey,0,0,0,0,0,0,0,0,
Achilles,info.archinnov.achilles.internals.parser.FieldInfoParserTest,should_build_counter_column_type,0,0,0,0,0,0,0,0,
Achilles,info.archinnov.achilles.internals.parser.FieldInfoParserTest,should_build_list_index_info,0,0,0,0,0,0,0,0,
Achilles,info.archinnov.achilles.internals.parser.FieldInfoParserTest,should_build_map_key_index_info,0,0,0,0,0,0,0,0,
Achilles,info.archinnov.achilles.internals.parser.AnnotationTreeTest,should_build_trees_json_map_javac,1,0,1,0,0,0,0,0,
Achilles,info.archinnov.achilles.internals.parser.EntityParserTest,should_fail_because_no_matching_field_name_for_declared_constructor_param_javac,0,0,0,0,0,0,0,0,
Achilles,info.archinnov.achilles.internals.parser.FieldInfoParserTest,should_build_static_column_type,0,0,0,0,0,0,0,0,
Achilles,info.archinnov.achilles.internals.parser.FieldParserTest,should_parse_tuple10,1,0,0,0,0,0,0,0,
Achilles,info.archinnov.achilles.internals.codegen.meta.UDTMetaCodeGenTest,should_generate_udt_with_custom_constructor_property_class,0,0,0,0,0,0,0,0,
Achilles,info.archinnov.achilles.internals.parser.CodecFactoryTest,should_fail_creating_codec_for_computed_if_target_type_not_matched,0,0,0,0,0,0,0,0,
Achilles,info.archinnov.achilles.internals.types.OverridingOptionalFinalTest,should_get_default_value,0,0,0,0,0,0,0,0,
Achilles,info.archinnov.achilles.internals.parser.FieldParserTest,should_parse_tuple1,1,0,0,0,0,0,0,0,
Achilles,info.archinnov.achilles.internals.parser.FieldParserTest,should_fail_parsing_SASI_lowercase_But_NoAnalyzer,0,0,0,0,0,0,0,0,
Achilles,info.archinnov.achilles.internals.parser.CodecFactoryTest,should_create_codec_for_object_byte,1,0,0,0,0,0,0,0,
Achilles,info.archinnov.achilles.internals.parser.validator.BeanValidatorTest,should_fail_validating_class_with_two_custom_constructors,0,0,0,0,0,0,0,0,
Achilles,info.archinnov.achilles.internals.parser.FieldParserTest,should_parse_enumerated_set_type,1,0,0,0,0,0,0,0,
Achilles,info.archinnov.achilles.internals.parser.FieldParserTest,should_fail_parsing_SASI_stemming_But_SPARSE,0,0,0,0,0,0,0,0,
Achilles,info.archinnov.achilles.internals.parser.CodecFactoryTest,should_create_codec_for_object_byte_array,1,0,0,0,0,0,0,0,
Achilles,info.archinnov.achilles.internals.parser.FieldInfoParserTest,should_build_partition_column_type,0,0,0,0,0,0,0,0,
Achilles,info.archinnov.achilles.internals.strategy.FrozenNestedTypeStrategyTest,should_not_fail_for_non_frozen_tuple_udt,0,0,0,0,0,0,0,0,
Achilles,info.archinnov.achilles.internals.parser.validator.BeanValidatorTest,should_validate_immutable_entity,1,0,0,0,0,0,0,0,
Achilles,info.archinnov.achilles.internals.parser.validator.cassandra3_0.BeanValidator3_0Test,should_fail_validating_view_because_missing_base_collection,0,0,0,0,0,0,0,0,
Achilles,info.archinnov.achilles.internals.parser.FunctionParserTest,should_fail_parsing_function_with_unsupported_param_type,0,0,0,0,0,0,0,0,
Achilles,info.archinnov.achilles.internals.parser.validator.TypeValidatorTest,should_validate_tupleValue,0,0,0,0,1,0,0,0,
Achilles,info.archinnov.achilles.internals.parser.CodecFactoryTest,should_fail_create_custom_codec_for_counter_if_target_type_not_matched,0,0,0,0,0,0,0,0,
Achilles,info.archinnov.achilles.internals.codegen.meta.EntityMetaCodeGenTest,should_fail_building_view_meta_with_counter_column,0,0,0,0,0,0,0,0,
Achilles,info.archinnov.achilles.internals.codegen.meta.EntityMetaCodeGenTest,should_build_entity_with_simple_partition_key,0,0,0,0,0,0,0,0,
Achilles,info.archinnov.achilles.internals.parser.validator.cassandra3_0.BeanValidator3_0Test,should_fail_validating_view_because_column_not_correct_type,0,0,0,0,0,0,0,0,
Achilles,info.archinnov.achilles.internals.parser.FieldInfoParserTest,should_build_frozen_column_info,0,0,0,0,0,0,0,0,
Achilles,info.archinnov.achilles.internals.parser.FieldParserTest,should_fail_parsing_SASI_stemming_But_NonTokeninzingAnalyzer,0,0,0,0,0,0,0,0,
Achilles,info.archinnov.achilles.internals.codegen.meta.EntityMetaCodeGenTest,should_fail_building_class_with_no_partition_key,0,0,0,0,0,0,0,0,
Achilles,info.archinnov.achilles.internals.parser.CodecFactoryTest,should_create_codec_for_json_map,1,0,0,0,0,0,0,0,
Achilles,info.archinnov.achilles.internals.parser.FieldInfoParserTest,should_generate_field_info_for_consistencyLevel,0,0,0,0,0,0,0,0,
Achilles,info.archinnov.achilles.internals.parser.FieldParserTest,should_parse_tuple2,1,0,0,0,0,0,0,0,
Achilles,info.archinnov.achilles.internals.parser.FieldParserTest,should_parse_json_codec_from_registry,1,0,0,0,0,0,0,0,
Achilles,info.archinnov.achilles.internals.strategy.FrozenNestedTypeStrategyTest,should_fail_for_non_frozen_list_udtValue,0,0,0,0,0,0,0,0,
Achilles,info.archinnov.achilles.internals.parser.validator.BeanValidatorTest,should_fail_validating_an_interface,0,0,0,0,0,0,0,0,
Achilles,info.archinnov.achilles.internals.parser.EntityParserTest,should_fail_because_not_public_final_field_type_for_immutable_constructor_param_javac,0,0,0,0,0,0,0,0,
Achilles,info.archinnov.achilles.internals.strategy.FrozenNestedTypeStrategyTest,should_not_fail_for_non_frozen_tuple_udtValue,0,0,0,0,0,0,0,0,
Achilles,info.archinnov.achilles.internals.codegen.meta.EntityMetaCodeGenTest,should_build_entity_with_implicit_field_parsing,0,0,0,0,0,0,0,0,
Achilles,info.archinnov.achilles.internals.codegen.meta.EntityMetaCodeGenTest,should_build_entity_with_static_annotations,0,0,0,0,0,0,0,0,
Achilles,info.archinnov.achilles.internals.parser.FieldInfoParserTest,should_fail_if_both_clustering_and_computed_column,0,0,0,0,0,0,0,0,
Achilles,info.archinnov.achilles.internals.parser.FieldInfoParserTest,should_build_list_nested_index_info,0,0,0,0,0,0,0,0,
Achilles,info.archinnov.achilles.internals.strategy.FrozenNestedTypeStrategyTest,should_validate_index_depth_2_as_map_key,0,0,0,0,0,0,0,0,
Achilles,info.archinnov.achilles.internals.parser.FieldParserTest,should_parse_primitive_byte_array,1,0,0,0,0,0,0,0,
Achilles,info.archinnov.achilles.internals.parser.FieldParserTest,should_parse_jdk8_local_time,1,0,0,0,0,0,0,0,
Achilles,info.archinnov.achilles.internals.codegen.meta.EntityMetaCodeGenTest,should_build_inherited_entity,0,0,0,0,0,0,0,0,
Achilles,info.archinnov.achilles.internals.parser.FieldParserTest,should_parse_json_map,1,0,0,0,0,0,0,0,
Achilles,info.archinnov.achilles.internals.parser.FieldParserTest,should_parse_runtime_codec,1,0,0,0,0,0,0,0,
Achilles,info.archinnov.achilles.internals.strategy.FrozenNestedTypeStrategyTest,should_fail_for_non_frozen_map_udt,0,0,0,0,0,0,0,0,
Achilles,info.archinnov.achilles.internals.parser.CodecFactoryTest,should_create_codec_for_computed,1,0,0,0,0,0,0,0,
Achilles,info.archinnov.achilles.internals.strategy.naming.CaseSensitiveNamingTest,should_return_blank_name,0,0,0,0,1,0,0,0,
Achilles,info.archinnov.achilles.internals.strategy.naming.CaseSensitiveNamingTest,should_return_blank_name_on_null,0,0,0,0,1,0,0,0,
Achilles,info.archinnov.achilles.internals.parser.FieldParserTest,should_parse_field_with_case_sensitive_overriden_name,1,0,0,0,0,0,0,0,
Achilles,info.archinnov.achilles.internals.parser.FieldInfoParserTest,should_generate_field_info_for_column_with_no_setter,0,0,0,0,0,0,0,0,
Achilles,info.archinnov.achilles.internals.parser.FunctionParserTest,should_parse_functions_with_complex_return_types_javac,1,0,0,0,0,0,0,0,
Achilles,info.archinnov.achilles.internals.parser.validator.TypeValidatorTest,should_validate_tuple2,0,0,0,0,1,0,0,0,
Achilles,info.archinnov.achilles.internals.codegen.dsl.select.SelectDSLCodeGenTest,should_generate_select_dsl_class_for_udt_as_clustering,1,0,0,0,0,0,0,0,
Achilles,info.archinnov.achilles.internals.codegen.meta.EntityMetaCodeGenTest,should_build_entity_with_composite_partition_key,0,0,0,0,0,0,0,0,
Achilles,info.archinnov.achilles.internals.parser.FieldParserTest,should_fail_parsing_SASI_on_list,0,0,0,0,0,0,0,0,
Achilles,info.archinnov.achilles.internals.parser.FieldInfoParserTest,should_build_clustering_column_info,0,0,0,0,0,0,0,0,
Achilles,info.archinnov.achilles.internals.parser.FieldInfoParserTest,should_generate_field_info_for_primitiveBoolean,0,0,0,0,0,0,0,0,
Achilles,info.archinnov.achilles.internals.parser.FieldParserTest,should_fail_parsing_wrongascii,0,0,0,0,0,0,0,0,
Achilles,info.archinnov.achilles.internals.parser.FunctionParserTest,should_fail_parsing_function_with_unsupported_return_type,0,0,0,0,0,0,0,0,
Achilles,info.archinnov.achilles.internals.strategy.naming.CaseSensitiveNamingTest,should_return_case_sensitive,0,0,0,0,1,0,0,0,
Achilles,info.archinnov.achilles.internals.parser.FieldParserTest,should_parse_jdk8_instant,1,0,0,0,0,0,0,0,
Achilles,info.archinnov.achilles.internals.parser.FieldParserTest,should_parse_computed_field,1,0,0,0,0,0,0,0,
Achilles,info.archinnov.achilles.internals.parser.FunctionParserTest,should_fail_parsing_validating_nested_types,0,0,0,0,0,0,0,0,
Achilles,info.archinnov.achilles.internals.parser.validator.TypeValidatorTest,should_validate_mapByteArray,0,0,0,0,1,0,0,0,
Achilles,info.archinnov.achilles.internals.strategy.FrozenNestedTypeStrategyTest,should_not_fail_for_non_frozen_map_tupleKey,0,0,0,0,0,0,0,0,
Achilles,info.archinnov.achilles.internals.parser.validator.TypeValidatorTest,should_validate_listString,0,0,0,0,1,0,0,0,
Achilles,info.archinnov.achilles.internals.parser.FieldInfoParserTest,should_fail_compilation_when_no_getter,0,0,0,0,0,0,0,0,
Achilles,info.archinnov.achilles.internals.parser.FieldParserTest,should_parse_map_with_nested_json,1,0,0,0,0,0,0,0,
Achilles,info.archinnov.achilles.internals.parser.FieldParserTest,should_parse_codec_overriding_registry,1,0,0,0,0,0,0,0,
Achilles,info.archinnov.achilles.internals.parser.FieldParserTest,should_fail_parsing_SASI_standardAnalyzer_But_SPARSE,0,0,0,0,0,0,0,0,
Achilles,info.archinnov.achilles.internals.parser.FunctionParserTest,should_fail_parsing_duplicate_function_declaration,0,0,1,0,0,0,0,0,
Achilles,info.archinnov.achilles.internals.codegen.meta.EntityMetaCodeGenTest,should_fail_building_class_with_duplicated_cql_name,0,0,0,0,0,0,0,0,
Achilles,info.archinnov.achilles.internals.parser.FunctionParserTest,should_fail_parsing_function_with_blank_keyspace,0,0,0,0,0,0,0,0,
Achilles,info.archinnov.achilles.internals.parser.FieldParserTest,should_parse_set_udt,1,0,0,0,0,0,0,0,
Achilles,info.archinnov.achilles.internals.parser.FieldParserTest,should_parse_list_udt,1,0,0,0,0,0,0,0,
Achilles,info.archinnov.achilles.internals.parser.EntityParserTest,should_fail_because_incorrect_field_type_for_immutable_constructor_param_javac,0,0,0,0,0,0,0,0,
Achilles,info.archinnov.achilles.internals.parser.FieldParserTest,should_parse_nested_udt,1,0,0,0,0,0,0,0,
Achilles,info.archinnov.achilles.internals.strategy.FrozenNestedTypeStrategyTest,should_not_fail_for_non_frozen_tupleValue,0,0,0,0,0,0,0,0,
Achilles,info.archinnov.achilles.internals.parser.CodecFactoryTest,should_create_custom_codec_for_counter,1,0,0,0,0,0,0,0,
Achilles,info.archinnov.achilles.internals.codegen.ManagerCodeGenTest,should_generate_manager_class_for_index_dsl,1,0,0,0,0,0,0,0,
Achilles,info.archinnov.achilles.internals.codegen.meta.UDTMetaCodeGenTest,should_generate_udt_property_class,0,0,0,0,0,0,0,0,
Achilles,info.archinnov.achilles.internals.parser.FieldParserTest,should_parse_list_optional_string,1,0,0,0,0,0,0,0,
Achilles,info.archinnov.achilles.internals.parser.FieldParserTest,should_parse_set_nesting,1,0,0,0,0,0,0,0,
Achilles,info.archinnov.achilles.internals.parser.FieldParserTest,should_parse_jdk8_local_date,1,0,0,0,0,0,0,0,
Achilles,info.archinnov.achilles.internals.codegen.meta.EntityMetaCodeGenTest,should_fail_building_class_with_no_public_constructor,0,0,0,0,0,0,0,0,
Achilles,info.archinnov.achilles.internals.parser.CodecFactoryTest,should_create_codec_for_string,1,0,0,0,0,0,0,0,
Achilles,info.archinnov.achilles.internals.parser.AnnotationTreeTest,should_build_treemap_for_computed_annotation_javac,1,0,1,0,0,0,0,0,
Achilles,info.archinnov.achilles.internals.parser.validator.TypeValidatorTest,should_validate_objectByte,0,0,0,0,1,0,0,0,
Achilles,info.archinnov.achilles.internals.parser.validator.TypeValidatorTest,should_fail_on_invalidLowerBound,1,0,0,0,1,0,0,0,
Achilles,info.archinnov.achilles.internals.parser.FieldParserTest,should_parse_map_nesting,1,0,0,0,0,0,0,0,
Achilles,info.archinnov.achilles.internals.parser.FieldParserTest,should_fail_parsing_non_frozen_collection_in_udt,0,0,0,0,0,0,0,0,
Achilles,info.archinnov.achilles.internals.parser.FunctionParserTest,should_fail_parsing_function_forbidden_function_name,0,0,0,0,0,0,0,0,
Achilles,info.archinnov.achilles.internals.parser.FieldParserTest,should_parse_optional_protocol_version_from_codec_registry,1,0,0,0,0,0,0,0,
Achilles,info.archinnov.achilles.internals.parser.validator.BeanValidatorTest,should_fail_validating_class_without_default_constructor,0,0,0,0,0,0,0,0,
Achilles,info.archinnov.achilles.internals.parser.FieldInfoParserTest,should_build_clustering_column_type,0,0,0,0,0,0,0,0,
Achilles,info.archinnov.achilles.internals.parser.AnnotationTreeTest,should_build_trees_map_with_nested_json_javac,1,0,1,0,0,0,0,0,
Achilles,info.archinnov.achilles.internals.parser.FieldInfoParserTest,should_fail_compilation_when_no_setter,0,0,0,0,0,0,0,0,
Achilles,info.archinnov.achilles.internals.parser.FieldParserTest,should_fail_parsing_SASI_on_map,0,0,0,0,0,0,0,0,
Achilles,info.archinnov.achilles.internals.parser.FieldParserTest,should_fail_parsing_counter_in_udt,0,0,0,0,0,0,0,0,
Achilles,info.archinnov.achilles.internals.parser.CodecFactoryTest,should_create_JavaType_for_array_type,0,0,0,0,0,0,0,0,
Achilles,info.archinnov.achilles.internals.parser.FieldParserTest,should_parse_tuple8,1,0,0,0,0,0,0,0,
Achilles,info.archinnov.achilles.internals.strategy.FrozenNestedTypeStrategyTest,should_not_fail_for_non_frozen_tuple_list,0,0,0,0,0,0,0,0,
Achilles,info.archinnov.achilles.internals.parser.CodecFactoryTest,should_create_native_codec_for_counter,1,0,0,0,0,0,0,0,
Achilles,info.archinnov.achilles.internals.parser.FieldParserTest,should_parse_enumerated_codec_from_registry,1,0,0,0,0,0,0,0,
Achilles,info.archinnov.achilles.internals.parser.validator.TypeValidatorTest,should_validate_setByte,0,0,0,0,1,0,0,0,
Achilles,info.archinnov.achilles.internals.parser.FieldInfoParserTest,should_fail_if_both_partition_and_static_column,0,0,0,0,0,0,0,0,
Achilles,info.archinnov.achilles.internals.strategy.naming.LowerCaseNamingTest,should_return_lower_case,0,0,0,0,1,0,0,0,
Achilles,info.archinnov.achilles.internals.parser.FieldParserTest,should_fail_parsing_non_frozen_nested_udt,0,0,0,0,0,0,0,0,
Achilles,info.archinnov.achilles.internals.parser.FieldInfoParserTest,should_build_static_column_info,0,0,0,0,0,0,0,0,
Achilles,info.archinnov.achilles.internals.parser.FieldInfoParserTest,should_fail_if_partition_key_order_zero,0,0,0,0,0,0,0,0,
Achilles,info.archinnov.achilles.internals.parser.FieldParserTest,should_fail_parsing_clustering_column_in_udt,0,0,0,0,0,0,0,0,
Achilles,info.archinnov.achilles.internals.strategy.FrozenNestedTypeStrategyTest,should_not_fail_for_non_frozen_list_tuple,0,0,0,0,0,0,0,0,
Achilles,info.archinnov.achilles.internals.strategy.FrozenNestedTypeStrategyTest,should_fail_for_non_frozen_list_list,0,0,0,0,0,0,0,0,
Achilles,info.archinnov.achilles.internals.parser.FieldParserTest,should_fail_parsing_wrongtimeuuid,0,0,0,0,0,0,0,0,
Achilles,info.archinnov.achilles.internals.parser.FieldInfoParserTest,should_build_not_indexed_column_index_info,0,0,0,0,0,0,0,0,
Achilles,info.archinnov.achilles.internals.parser.FieldParserTest,should_fail_parsing_SASI_lowercase_But_SPARSE,0,0,0,0,0,0,0,0,
Achilles,info.archinnov.achilles.internals.parser.FieldParserTest,should_parse_tuple6,1,0,0,0,0,0,0,0,
Achilles,info.archinnov.achilles.internals.types.OverridingOptionalFinalTest,should_get_first_value,0,0,0,0,1,0,0,0,
Achilles,info.archinnov.achilles.internals.codegen.meta.EntityMetaCodeGenTest,should_fail_building_class_with_wrong_computed_column,0,0,0,0,0,0,0,0,
Achilles,info.archinnov.achilles.internals.parser.EntityParserTest,should_fail_because_no_matching_field_name_for_immutable_constructor_param_javac,0,0,0,0,0,0,0,0,
Achilles,info.archinnov.achilles.script.ScriptExecutorTest,should_execute_script,1,0,0,0,0,0,0,0,
Achilles,info.archinnov.achilles.script.ScriptExecutorTest,should_build_create_function_statements_from_lines_syntax_1,1,0,0,0,0,0,0,0,
Achilles,info.archinnov.achilles.script.ScriptExecutorTest,should_build_create_function_statements_from_lines_syntax_2,1,0,0,0,0,0,0,0,
Achilles,info.archinnov.achilles.script.ScriptExecutorTest,should_build_statements_from_lines,1,0,0,0,0,0,0,0,
Achilles,info.archinnov.achilles.script.ScriptExecutorTest,should_build_batch_statements_from_lines,1,0,0,0,0,0,0,0,
Achilles,info.archinnov.achilles.script.ScriptExecutorTest,should_load_script_as_lines,1,0,0,0,0,0,0,0,
Achilles,info.archinnov.achilles.script.ScriptExecutorTest,should_build_create_function_statements_from_lines_syntax_3,1,0,0,0,0,0,0,0,
Achilles,info.archinnov.achilles.script.ScriptExecutorTest,should_build_create_function_statements_from_lines_syntax_4,1,0,0,0,0,0,0,0,
Achilles,info.archinnov.achilles.it.TestEntityWithSASIIndices,should_search_using_prefix_non_tokenizer,1,0,0,0,0,0,0,0,
Achilles,info.archinnov.achilles.it.TestEntityWithSASIIndices,should_search_using_eq_non_tokenizer,1,0,0,0,0,0,0,0,
Achilles,info.archinnov.achilles.it.TestEntityWithSASIIndices,should_search_using_contains,1,0,0,0,0,0,0,0,
Achilles,info.archinnov.achilles.it.TestEntityWithSASIIndices,should_search_using_like,1,0,0,0,0,0,0,0,
Achilles,info.archinnov.achilles.it.TestEntityWithSASIIndices,should_search_using_like_non_tokenizer,1,0,0,0,0,0,0,0,
Achilles,info.archinnov.achilles.it.TestEntityWithSASIIndices,should_search_using_end_with,1,0,0,0,0,0,0,0,
Achilles,info.archinnov.achilles.it.TestMultiClusteringEntityIT,should_delete_with_IN_clause_on_first_clustering,0,0,0,0,0,0,0,0,
Achilles,info.archinnov.achilles.it.TestMultiClusteringEntityIT,should_update_with_IN_clause_on_all_clusterings,1,0,0,0,0,0,0,0,
Achilles,info.archinnov.achilles.it.TestMultiClusteringEntityIT,should_update_with_IN_clause_on_first_clustering,1,0,0,0,0,0,0,0,
Achilles,info.archinnov.achilles.it.TestViewSensorByType,should_select_by_slice,1,0,0,0,0,0,0,0,
Achilles,info.archinnov.achilles.it.TestMultiClusteringEntityIT,should_delete_by_partition_only,0,0,0,0,0,0,0,0,
Achilles,info.archinnov.achilles.it.TestMultiClusteringEntityIT,should_delete_with_multi_columns_slice,0,0,0,0,0,0,0,0,
Achilles,info.archinnov.achilles.it.TestMultiClusteringEntityIT,should_delete_by_partition_and_first_clustering_column_only,1,0,0,0,0,0,0,0,
Achilles,info.archinnov.achilles.it.TestMultiClusteringEntityIT,should_delete_with_IN_clause_on_last_clustering,0,0,0,0,0,0,0,0,
Achilles,info.archinnov.achilles.it.TestMultiClusteringEntityIT,should_delete_with_slice_on_last_clustering,0,0,0,0,0,0,0,0,
Achilles,info.archinnov.achilles.it.TestMultiClusteringEntityIT,should_delete_by_partition_and_first_clustering_column_range,1,0,0,0,0,0,0,0,
Achilles,info.archinnov.achilles.it.TestViewSensorByType,should_find_by_id,1,0,0,0,0,0,0,0,
Achilles,info.archinnov.achilles.it.TestViewSensorByType,should_fail_if_mutation_statement_for_view,0,0,0,0,0,0,0,0,
Achilles,info.archinnov.achilles.it.TestMultiClusteringEntityIT,should_delete_with_IN_clause_on_all_clusterings,0,0,0,0,0,0,0,0,
Achilles,info.archinnov.achilles.it.TestMultiClusteringEntityIT,should_update_with_IN_clause_on_last_clustering,1,0,0,0,0,0,0,0,
Achilles,info.archinnov.achilles.it.TestViewSensorByType,should_typed_query,1,0,0,0,0,0,0,0,
Achilles,info.archinnov.achilles.it.TestViewSensorByType,should_native_query,1,0,0,0,0,0,0,0,
Achilles,info.archinnov.achilles.it.TestMultiClusteringEntityIT,should_delete_with_slice_on_first_clustering,0,0,0,0,0,0,0,0,
Achilles,info.archinnov.achilles.it.TestFunctionCallsWithLiteralValuesIT,should_chain_function_calls_with_literal_value,1,0,0,0,0,0,0,0,
Achilles,info.archinnov.achilles.it.TestFunctionCallsWithLiteralValuesIT,should_call_aggregate_with_literal_values,1,0,0,0,0,0,0,0,
Achilles,info.archinnov.achilles.it.TestFunctionCallsWithLiteralValuesIT,should_call_textToLong_with_literal_value,1,0,0,0,0,0,0,0,
Achilles,info.archinnov.achilles.it.TestEntityWithNonFrozenUDTIT,should_update_udt_fields,1,0,0,0,0,0,0,0,
Achilles,info.archinnov.achilles.it.TestEntityWithClusteringIT,should_select_with_allow_per_partition_limit,1,0,0,0,0,0,0,0,
Achilles,info.archinnov.achilles.it.TestSchemaGenerator,should_build_schema_for_complex_counter,0,0,0,0,1,1,1,0,
Achilles,info.archinnov.achilles.it.TestSchemaGenerator,should_build_schema_for_entity_with_composite_partition_key,0,0,0,0,1,1,1,0,
Achilles,info.archinnov.achilles.it.TestSchemaGenerator,should_build_schema_for_entity_with_clustering_columns,0,0,0,0,1,1,1,0,
Achilles,info.archinnov.achilles.it.TestSchemaGenerator,should_build_schema_for_entity_with_static_column,0,0,0,0,1,1,1,0,
Achilles,info.archinnov.achilles.it.TestSchemaGenerator,should_build_schema_for_udt,0,0,0,0,1,1,1,0,
Achilles,info.archinnov.achilles.it.TestSchemaGenerator,should_build_schema_for_complex_indices,0,0,0,0,1,1,1,0,
Achilles,info.archinnov.achilles.it.TestEntityWithDurationTypeIT,should_find_by_id,1,0,0,0,0,0,0,0,
Achilles,info.archinnov.achilles.it.TestSchemaGenerator,should_build_schema_for_simple_entity,0,0,0,0,1,1,1,0,
Achilles,info.archinnov.achilles.it.TestSchemaGenerator,should_build_schema_for_complex_types,0,0,0,0,1,1,1,0,
Achilles,info.archinnov.achilles.it.TestEntityForGroupByIT,should_select_sum_with_group_by_first_clustering,1,0,0,0,0,0,0,0,
Achilles,info.archinnov.achilles.it.TestSchemaGenerator,should_build_schema_for_entity_with_static_annotations,0,0,0,0,1,1,1,0,
Achilles,info.archinnov.achilles.it.TestSchemaGenerator,should_build_schema_for_child_entity,0,0,0,0,1,1,1,0,
Achilles,info.archinnov.achilles.it.TestEntityForGroupByIT,should_select_sum_group_by_partition_keys_and_one_clustering,1,1,0,0,0,0,0,0,
Achilles,info.archinnov.achilles.it.TestSchemaGenerator,should_build_schema_for_entity_with_simple_partition_key,0,0,0,0,1,1,1,0,
Achilles,info.archinnov.achilles.it.TestUdtWithCaseSensitiveUDTIT,should_validate_schema,0,0,0,0,0,0,0,0,
Achilles,info.archinnov.achilles.it.TestEntityForGroupByIT,should_select_sum_with_group_by_second_clustering,1,0,0,0,0,0,0,0,
Achilles,info.archinnov.achilles.it.TestEntityForGroupByIT,should_select_using_token_function,1,0,0,0,0,0,0,0,
Achilles,info.archinnov.achilles.it.TestEntityWithDurationTypeIT,should_insert,1,0,0,0,0,0,0,0,
Achilles,info.archinnov.achilles.it.TestSchemaGenerator,should_use_schema_generator_and_append_to_string,0,0,1,0,1,1,1,0,
Achilles,info.archinnov.achilles.it.TestSchemaGenerator,should_build_schema_for_entity_with_counter_column,0,0,0,0,1,1,1,0,
Achilles,info.archinnov.achilles.it.TestEntityWithDurationTypeIT,should_dsl_select,1,0,0,0,0,0,0,0,
Achilles,info.archinnov.achilles.it.TestSchemaGenerator,should_build_schema_for_view,0,0,0,0,1,1,1,0,
Achilles,info.archinnov.achilles.it.TestSchemaGenerator,should_use_schema_generator,0,0,1,0,1,1,1,0,
Achilles,info.archinnov.achilles.it.TestEntityForGroupByIT,should_select_sum_group_by_partition_keys,1,1,0,0,0,0,0,0,
Achilles,info.archinnov.achilles.it.TestSchemaGenerator,should_build_schema_for_entity_with_static_counter_column,0,0,0,0,1,1,1,0,
Achilles,info.archinnov.achilles.it.TestEntityForGroupByIT,should_select_sum_with_group_by_first_and_second_clustering,1,0,0,0,0,0,0,0,
Achilles,info.archinnov.achilles.embedded.PortFinderTest,try_to_find_first_port,1,0,0,0,0,0,0,0,
Achilles,info.archinnov.achilles.embedded.CassandraEmbeddedServerBuilderTest,should_start_embedded_server_with_listen_and_rpc_address,1,0,1,0,0,0,0,0,
Achilles,info.archinnov.achilles.it.TestEntityWithComplexTuple,should_find,1,0,0,0,0,0,0,0,
Achilles,info.archinnov.achilles.it.TestCRUDSimpleEntity,should_delete_with_equal_condition,1,0,0,0,0,0,0,0,
Achilles,info.archinnov.achilles.it.TestEntityWithCompositePartitionKey,should_dsl_select_with_token_value,1,0,0,0,0,0,0,0,
Achilles,info.archinnov.achilles.it.TestTypedQueries,should_perform_bound_statement_typed_query,1,0,0,0,0,0,0,0,
Achilles,info.archinnov.achilles.it.TestInterceptorsSimpleEntity,should_trigger_for_dsl_iterator,1,0,0,0,0,0,0,0,
Achilles,info.archinnov.achilles.it.TestCRUDSimpleEntity,should_delete_by_partition_generate_query_and_bound_values,1,0,0,0,0,0,0,0,
Achilles,info.archinnov.achilles.it.TestDSLSimpleEntity,should_dsl_update_list_remove_single,0,0,0,0,0,0,0,0,
Achilles,info.archinnov.achilles.it.TestEntityWithComplexIndices,should_query_using_index_and_multi_clustering_columns_slice,1,0,0,0,0,0,0,0,
Achilles,info.archinnov.achilles.it.TestInterceptorsSimpleEntity,should_trigger_for_find,1,0,0,0,0,0,0,0,
Achilles,info.archinnov.achilles.it.bugs.TestEntityWithByteBufferTypeIT,should_support_bytebuffer_type,1,0,0,0,1,0,0,0,
Achilles,info.archinnov.achilles.it.TestEntityWithStaticColumn,should_find,1,0,1,0,0,0,0,0,
Achilles,info.archinnov.achilles.it.TestEntityWithCounterColumn,should_delete_by_id,0,0,0,0,0,0,0,0,
Achilles,info.archinnov.achilles.it.TestEntityWithCounterColumn,should_find,1,0,0,0,0,0,0,0,
Achilles,info.archinnov.achilles.it.TestCRUDSimpleEntity,should_insert_with_insert_strategy_non_null_fields,1,0,0,0,0,0,0,0,
Achilles,info.archinnov.achilles.it.bugs.TestOverridingSchemaNameProvider,should_insert_with_overriden_schema_name_provider,0,0,0,0,0,0,0,0,
Achilles,info.archinnov.achilles.it.TestDSLSimpleEntity,should_dsl_update_generate_query_string_and_encoded_values,1,0,0,0,0,0,0,0,
Achilles,info.archinnov.achilles.it.bugs.TestDynamicKeyspaceWithUDT,should_update_using_lwt_gte_with_dynamic_ks,1,0,0,0,0,0,0,0,
Achilles,info.archinnov.achilles.it.bugs.ValidateSchemaIT,should_fail_validating_schema_when_static_column_missing,0,0,0,0,1,0,0,0,
Achilles,info.archinnov.achilles.it.bugs.TestDynamicKeyspaceWithUDT,should_dsl_update_map_key_remove_with_dynamic_ks,1,0,0,0,0,0,0,0,
Achilles,info.archinnov.achilles.it.TestTypedQueries,should_fail_regular_typed_query_if_not_SELECT_statement,0,0,0,0,0,0,0,0,
Achilles,info.archinnov.achilles.it.TestEntityWithComplexCounter,should_dsl_update_codec_counter,1,0,0,0,0,0,0,0,
Achilles,info.archinnov.achilles.it.bugs.TestOverridingSchemaNameProvider,should_dsl_delete_using_runtime_schema_name,0,0,0,0,0,0,0,0,
Achilles,info.archinnov.achilles.it.TestNativeQueries,should_perform_regular_native_query,1,0,0,0,0,0,0,0,
Achilles,info.archinnov.achilles.it.TestDSLEntityWithClusterings,should_dsl_select_slice_with_tuples_same_partition,1,0,0,0,0,0,0,0,
Achilles,info.archinnov.achilles.it.TestDSLSimpleEntity,should_dsl_select_one,1,0,0,0,0,0,0,0,
Achilles,info.archinnov.achilles.it.TestDSLSimpleEntity,should_dsl_select_using_schema_name_provider,1,0,0,0,0,0,0,0,
Achilles,info.archinnov.achilles.it.bugs.TestDynamicKeyspaceWithUDT,should_crud_delete_by_id_with_dynamic_ks,0,0,0,0,0,0,0,0,
Achilles,info.archinnov.achilles.it.TestEntityWithComplexIndices,should_query_using_full_collection_index,1,0,0,0,0,0,0,0,
Achilles,info.archinnov.achilles.it.TestBeanValidation,should_fail_on_post_load,0,0,0,0,0,0,0,0,
Achilles,info.archinnov.achilles.it.bugs.TestDynamicKeyspaceWithUDT,should_update_using_lwt_eq_with_dynamic_ks,1,0,0,0,0,0,0,0,
Achilles,info.archinnov.achilles.it.TestEntityWithStaticColumn,should_update_static,1,0,0,0,0,0,0,0,
Achilles,info.archinnov.achilles.it.TestNativeQueries,should_iterate_regular_typed_query,1,0,0,0,0,0,0,0,
Achilles,info.archinnov.achilles.it.TestEntityWithCompositePartitionKey,should_insert,1,0,0,0,0,0,0,0,
Achilles,info.archinnov.achilles.it.bugs.TestDynamicKeyspaceWithUDT,should_dsl_update_list_set_with_dynamic_ks,1,0,0,0,0,0,0,0,
Achilles,info.archinnov.achilles.it.TestCRUDSimpleEntity,should_insert_if_not_exists,1,0,0,1,1,0,0,0,
Achilles,info.archinnov.achilles.it.TestDSLSimpleEntity,should_dsl_update_map_addAll,1,0,0,0,0,0,0,0,
Achilles,info.archinnov.achilles.it.TestInterceptorsSimpleEntity,should_trigger_for_update,1,0,0,0,0,0,0,0,
Achilles,info.archinnov.achilles.it.TestDSLSimpleEntity,should_dsl_update_set_setValue,0,0,0,0,0,0,0,0,
Achilles,info.archinnov.achilles.it.TestDSLSimpleEntity,should_dsl_update_set_addAll,0,0,0,0,0,0,0,0,
Achilles,info.archinnov.achilles.it.TestDSLSimpleEntity,should_dsl_update_list_prepend,0,0,0,0,0,0,0,0,
Achilles,info.archinnov.achilles.it.TestEntityWithStaticColumn,should_dsl_delete_static,1,0,0,0,0,0,0,0,
Achilles,info.archinnov.achilles.it.TestDSLSimpleEntity,should_dsl_update_list_appendAll,0,0,0,0,0,0,0,0,
Achilles,info.archinnov.achilles.it.TestBeanValidation,should_fail_on_pre_insert_because_failed_constraint_in_udt,0,0,0,0,0,0,0,0,
Achilles,info.archinnov.achilles.it.bugs.TestOverridingSchemaNameProvider,should_dsl_update_using_runtime_schema_name,1,0,0,0,0,0,0,0,
Achilles,info.archinnov.achilles.it.bugs.TestOverridingSchemaNameProvider,should_delete_using_default_schema_name,0,0,0,0,0,0,0,0,
Achilles,info.archinnov.achilles.it.TestALLEntityAsChild,should_delete_by_id,0,0,0,0,0,0,0,0,
Achilles,info.archinnov.achilles.it.TestEntityWithComplexIndices,should_query_using_collection_index,1,0,0,0,0,0,0,0,
Achilles,info.archinnov.achilles.it.TestEntityWithCustomConstructorAndDeclaredFields,should_typed_query,1,0,1,0,0,0,0,0,
Achilles,info.archinnov.achilles.it.TestEntityWithCounterColumn,should_dsl_update,1,0,0,0,0,0,0,0,
Achilles,info.archinnov.achilles.it.bugs.ConsistencyLevelOrderingIT,should_override_cluster_consistency_config_by_achilles_consistency_setting,0,0,0,0,0,0,0,0,
Achilles,info.archinnov.achilles.it.TestEntityWithComplexIndices,should_query_using_simple_index,1,0,0,0,0,0,0,0,
Achilles,info.archinnov.achilles.it.bugs.TestNotUsePrimitiveArrayCodecs,should_insert_udt_with_collections_primitive,1,0,0,0,0,0,0,0,
Achilles,info.archinnov.achilles.it.TestEntityWithStaticAnnotations,should_find_using_static_consistency,0,0,0,0,0,0,0,0,
Achilles,info.archinnov.achilles.it.TestCRUDSimpleEntity,should_find_by_id_with_execution_info,1,0,0,0,0,0,0,0,
Achilles,info.archinnov.achilles.it.TestAsyncDSLSimpleEntity,should_dsl_select_slice_async,0,0,0,0,0,0,0,0,
Achilles,info.archinnov.achilles.it.TestDSLEntityWithClusterings,should_dsl_select_slice_with_asymetric_tuples_same_partition,1,0,0,0,0,0,0,0,
Achilles,info.archinnov.achilles.it.TestDSLSimpleEntity,should_dsl_select_with_double_IN,1,0,0,0,0,0,0,0,
Achilles,info.archinnov.achilles.it.TestALLEntityAsChild,should_dsl_select_one,1,0,0,0,0,0,0,0,
Achilles,info.archinnov.achilles.it.TestDSLSimpleEntity,should_dsl_update_map_set,1,0,0,0,0,0,0,0,
Achilles,info.archinnov.achilles.it.TestBeanValidation,should_fail_on_pre_insert_because_invalid_email_in_udt,0,0,0,0,0,0,0,0,
Achilles,info.archinnov.achilles.it.bugs.TestEntityWithCaseSensitivePKIT,should_insert_and_delete,0,0,0,0,0,0,0,0,
Achilles,info.archinnov.achilles.it.TestCRUDSimpleEntity,should_delete_by_id,0,0,0,0,0,0,0,0,
Achilles,info.archinnov.achilles.it.TestDSLSimpleEntity,should_dsl_update_set_removeAll,0,0,0,0,0,0,0,0,
Achilles,info.archinnov.achilles.it.bugs.TestDynamicKeyspaceWithUDT,should_dsl_update_map_value_remove_with_dynamic_ks,1,0,0,0,0,0,0,0,
Achilles,info.archinnov.achilles.it.TestBeanValidation,should_fail_on_pre_insert_because_empty_list,0,0,0,0,0,0,0,0,
Achilles,info.archinnov.achilles.it.bugs.TestEntityWithCaseSensitivePKIT,should_dsl_select_with_token_value,1,0,0,0,0,0,0,0,
Achilles,info.archinnov.achilles.it.TestBeanValidation,should_verify_bean_validator_called_last_on_pre_insert,1,0,0,0,0,0,0,0,
Achilles,info.archinnov.achilles.it.TestEntityWithStaticCounterColumn,should_dsl_update_static,1,0,0,0,0,0,0,0,
Achilles,info.archinnov.achilles.it.TestDSLSimpleEntity,should_dsl_select_with_token_value,1,0,0,0,0,0,0,0,
Achilles,info.archinnov.achilles.it.TestCRUDSimpleEntity,should_delete_by_id_with_execution_info,1,0,0,0,0,0,0,0,
Achilles,info.archinnov.achilles.it.bugs.ConsistencyLevelOrderingIT,should_override_consistency_level_map_value_by_static_consistency_setting,0,0,0,0,0,0,0,0,
Achilles,info.archinnov.achilles.it.TestTypedQueries,should_perform_prepared_typed_query,1,0,0,0,0,0,0,0,
Achilles,info.archinnov.achilles.it.TestDSLSimpleEntity,should_dsl_update_list_setAtIndex,0,0,0,0,0,0,0,0,
Achilles,info.archinnov.achilles.it.bugs.TestDynamicKeyspaceWithUDT,should_dsl_update_list_append_with_dynamic_ks,1,0,0,0,0,0,0,0,
Achilles,info.archinnov.achilles.it.bugs.TestEntityWithNonExistingKeyspaceIT,should_fail_if_entity_keyspace_does_not_exist,0,0,0,0,1,0,0,0,
Achilles,info.archinnov.achilles.it.bugs.TestCopyAllOptionsFromRegularStatementForTypedQuery,should_use_type_query_with_fetch_size,0,0,0,0,0,0,0,0,
Achilles,info.archinnov.achilles.it.TestTypedQueries,should_perform_regular_typed_query,1,0,0,0,0,0,0,0,
Achilles,info.archinnov.achilles.it.TestEntityWithCompositePartitionKey,should_find,0,0,0,0,0,0,0,0,
Achilles,info.archinnov.achilles.it.TestEntityWithStaticAnnotations,should_insert_using_static_ttl,0,0,0,0,0,0,0,0,
Achilles,info.archinnov.achilles.it.bugs.TestDynamicKeyspaceWithUDT,should_dsl_select_with_dynamic_ks,1,0,0,0,0,0,0,0,
Achilles,info.archinnov.achilles.it.TestAsyncDSLSimpleEntity,should_dsl_update_value_async,0,0,0,0,0,0,0,0,
Achilles,info.archinnov.achilles.it.TestCRUDSimpleEntity,should_delete_by_id_generate_query_and_bound_values,1,0,0,0,0,0,0,0,
Achilles,info.archinnov.achilles.it.bugs.TestDynamicKeyspaceWithUDT,should_dsl_update_list_prepend_with_dynamic_ks,1,0,0,0,0,0,0,0,
Achilles,info.archinnov.achilles.it.TestDSLSimpleEntity,should_dsl_delete_generate_query_string_and_encoded_values,1,0,0,0,0,0,0,0,
Achilles,info.archinnov.achilles.it.bugs.TestDynamicKeyspaceWithUDT,should_dsl_delete_with_dynamic_ks,0,0,0,0,0,0,0,0,
Achilles,info.archinnov.achilles.it.TestEntityWithComplexTuple,should_insert,1,0,0,0,1,0,0,0,
Achilles,info.archinnov.achilles.it.TestEntityWithComplexIndices,should_query_using_index_and_clustering_column_slice,1,0,0,0,0,0,0,0,
Achilles,info.archinnov.achilles.it.TestALLEntityAsChild,should_find_by_id,1,0,0,0,0,0,0,0,
Achilles,info.archinnov.achilles.it.TestImmutableEntity,should_dsl_select_one,1,0,0,0,0,0,0,0,
Achilles,info.archinnov.achilles.it.TestCRUDSimpleEntity,should_insert_generate_query_and_bound_values,1,0,0,0,0,0,0,0,
Achilles,info.archinnov.achilles.it.TestDSLSimpleEntity,should_dsl_update_with_schema_name,0,0,0,0,0,0,0,0,
Achilles,info.archinnov.achilles.it.TestEntityWithCustomConstructor,should_typed_query,1,0,1,0,0,0,0,0,
Achilles,info.archinnov.achilles.it.TestALLEntityAsChild,should_delete_entity_generate_query_and_bound_values,1,0,0,0,0,0,0,0,
Achilles,info.archinnov.achilles.it.TestDSLSimpleEntity,should_dsl_select_with_iterator,1,0,0,0,0,0,0,0,
Achilles,info.archinnov.achilles.it.TestAsyncDSLSimpleEntity,should_dsl_delete_async,0,0,0,0,0,0,0,0,
Achilles,info.archinnov.achilles.it.TestEntityWithStaticColumn,should_insert_static_with_insert_strategy,1,0,0,0,0,0,0,0,
Achilles,info.archinnov.achilles.it.TestDSLSimpleEntity,should_dsl_update_value_if_equal,1,0,0,0,0,0,0,0,
Achilles,info.archinnov.achilles.it.TestEntityWithComplexCounter,should_find,1,0,0,0,0,0,0,0,
Achilles,info.archinnov.achilles.it.bugs.TestOverridingSchemaNameProvider,should_dsl_update_using_default_schema_name,1,0,0,0,0,0,0,0,
Achilles,info.archinnov.achilles.it.TestDSLEntityWithClusterings,should_dsl_select_one,1,0,0,0,0,0,0,0,
Achilles,info.archinnov.achilles.it.TestNativeQueries,should_limit_displayed_returned_results,0,0,0,0,0,0,0,0,
Achilles,info.archinnov.achilles.it.bugs.TestDynamicKeyspaceWithUDT,should_dsl_update_map_value_put_with_dynamic_ks,1,0,0,0,0,0,0,0,
Achilles,info.archinnov.achilles.it.TestDSLSimpleEntity,should_dsl_delete_if_exists,1,0,0,1,0,0,0,0,
Achilles,info.archinnov.achilles.it.TestDSLSimpleEntity,should_dsl_delete_with_options,1,0,0,0,0,0,0,0,
Achilles,info.archinnov.achilles.it.TestDSLSimpleEntity,should_dsl_select_slice_with_execution_info,1,0,0,0,0,0,0,0,
Achilles,info.archinnov.achilles.it.TestEntityWithStaticCounterColumn,should_find,1,0,1,0,0,0,0,0,
Achilles,info.archinnov.achilles.it.TestBeanValidation,should_fail_on_pre_insert_because_empty_text,0,0,0,0,0,0,0,0,
Achilles,info.archinnov.achilles.it.TestTypedQueries,should_limit_displayed_returned_results,0,0,0,0,0,0,0,0,
Achilles,info.archinnov.achilles.it.bugs.TestDSLUpdateWithTTLAndTimestamp,should_dsl_update_with_ttl,1,0,0,0,0,0,0,0,
Achilles,info.archinnov.achilles.it.TestEntityWithComplexTypes,should_find,1,0,1,0,0,0,0,0,
Achilles,info.archinnov.achilles.it.TestCRUDSimpleEntity,should_insert_with_ttl,0,0,0,0,0,0,0,0,
Achilles,info.archinnov.achilles.it.bugs.ConsistencyLevelOrderingIT,should_override_cluster_consistency_level_by_consistency_level_map_value,0,0,0,0,0,0,0,0,
Achilles,info.archinnov.achilles.it.TestDSLEntityWithClusterings,should_dsl_select_slice_with_clusterings_IN_same_partition,1,0,0,0,0,0,0,0,
Achilles,info.archinnov.achilles.it.TestALLEntityAsChild,should_insert_generate_query_and_bound_values,1,0,0,0,0,0,0,0,
Achilles,info.archinnov.achilles.it.TestEntityWithStaticColumn,should_dsl_select_static,1,0,1,0,0,0,0,0,
Achilles,info.archinnov.achilles.it.bugs.TestDynamicKeyspaceWithUDT,should_dsl_update_udt_value_with_dynamic_ks,1,0,0,0,0,0,0,0,
Achilles,info.archinnov.achilles.it.bugs.TestEntityWithCaseSensitivePKIT,should_dsl_update,1,0,0,0,0,0,0,0,
Achilles,info.archinnov.achilles.it.TestEntityWithStaticColumn,should_insert,1,0,0,0,0,0,0,0,
Achilles,info.archinnov.achilles.it.TestAsyncCRUDSimpleEntity,should_delete_instance_async,1,0,0,0,0,0,0,0,
Achilles,info.archinnov.achilles.it.TestNativeQueries,should_perform_prepared_native_query,1,0,0,0,0,0,0,0,
Achilles,info.archinnov.achilles.it.TestImmutableEntity,should_typed_query,1,0,0,0,0,0,0,0,
Achilles,info.archinnov.achilles.it.bugs.TestDynamicKeyspaceWithUDT,should_delete_using_lwt_eq_with_dynamic_ks,1,0,0,0,0,0,0,0,
Achilles,info.archinnov.achilles.it.TestEntityWithComplexIndices,should_query_using_map_key_index,1,0,0,0,0,0,0,0,
Achilles,info.archinnov.achilles.it.bugs.MultiLayerNestingIT,should_select_some_columns_from_udt,1,0,0,0,0,0,0,0,
Achilles,info.archinnov.achilles.it.TestCRUDSimpleEntity,should_insert,1,0,0,0,0,0,0,0,
Achilles,info.archinnov.achilles.it.TestCRUDSimpleEntity,should_insert_with_timestamp,1,0,0,0,0,0,0,0,
Achilles,info.archinnov.achilles.it.bugs.TestDynamicKeyspaceWithUDT,should_delete_using_lwt_gte_with_dynamic_ks,1,0,0,0,0,0,0,0,
Achilles,info.archinnov.achilles.it.bugs.TestEntityWithNestedUdtIT,should_select_some_udt_columns,1,0,0,0,0,0,0,0,
Achilles,info.archinnov.achilles.it.TestDSLEntityWithClusterings,should_dsl_delete_multiple_partitions,1,0,0,0,0,0,0,0,
Achilles,info.archinnov.achilles.it.bugs.TestDynamicKeyspaceWithUDT,should_crud_delete_instance_with_dynamic_ks,0,0,0,0,0,0,0,0,
Achilles,info.archinnov.achilles.it.TestALLEntityAsChild,should_insert,1,0,0,0,0,0,0,0,
Achilles,info.archinnov.achilles.it.TestEntityWithComplexIndices,should_query_using_index_and_clustering_column_inequality,0,0,0,0,0,0,0,0,
Achilles,info.archinnov.achilles.it.bugs.TestDynamicKeyspaceWithUDT,should_dsl_update_map_value_set_with_dynamic_ks,1,0,0,0,0,0,0,0,
Achilles,info.archinnov.achilles.it.bugs.NativeCollectionsCodecIT,should_insert_list_long,0,0,0,0,0,0,0,0,
Achilles,info.archinnov.achilles.it.TestDSLSimpleEntity,should_dsl_update_set_remove,0,0,0,0,0,0,0,0,
Achilles,info.archinnov.achilles.it.TestTypedQueries,should_fail_regular_typed_query_if_table_not_correspond,0,0,0,0,0,0,0,0,
Achilles,info.archinnov.achilles.it.bugs.ClassLevelTracing,should_activate_tracing_programmatically,0,0,0,0,0,0,0,0,
Achilles,info.archinnov.achilles.it.TestDSLSimpleEntity,should_dsl_select_with_options,1,0,0,0,0,0,0,0,
Achilles,info.archinnov.achilles.it.TestDSLEntityWithClusterings,should_dsl_select_slice_with_displayed_results_max,0,0,0,0,0,0,0,0,
Achilles,info.archinnov.achilles.it.TestAsyncCRUDSimpleEntity,should_insert_async,1,0,0,0,0,0,0,0,
Achilles,info.archinnov.achilles.it.TestALLEntityAsChild,should_dsl_delete,1,0,0,0,0,0,0,0,
Achilles,info.archinnov.achilles.it.TestDSLSimpleEntity,should_dsl_update_list_removeAll,0,0,0,0,0,0,0,0,
Achilles,info.archinnov.achilles.it.TestInterceptorsSimpleEntity,should_trigger_for_delete,0,0,0,0,0,0,0,0,
Achilles,info.archinnov.achilles.it.TestDSLSimpleEntity,should_dsl_update_map_put,1,0,0,0,0,0,0,0,
Achilles,info.archinnov.achilles.it.TestNativeQueries,should_perform_bound_statement_native_query,1,0,0,0,0,0,0,0,
Achilles,info.archinnov.achilles.it.bugs.TestOverridingSchemaNameProvider,should_dsl_select_using_default_schema_name,0,0,0,0,0,0,0,0,
Achilles,info.archinnov.achilles.it.bugs.PrimitiveAsClusteringColumnIT,should_select_dsl,1,0,0,0,0,0,0,0,
Achilles,info.archinnov.achilles.it.TestEntityWithStaticCounterColumn,should_dsl_delete_static,1,0,0,0,0,0,0,0,
Achilles,info.archinnov.achilles.it.bugs.MultiLayerNestingIT,should_handle_3_levels_of_nesting_udt,1,0,0,0,0,0,0,0,
Achilles,info.archinnov.achilles.it.bugs.TestEntityWithCaseSensitivePKIT,should_dsl_select_with_tuple_relations,1,0,0,0,0,0,0,0,
Achilles,info.archinnov.achilles.it.TestEntityWithCustomConstructorAndDeclaredFields,should_find_by_id,1,0,1,0,0,0,0,0,
Achilles,info.archinnov.achilles.it.bugs.TestOverridingSchemaNameProvider,should_find_using_runtime_schema_name,0,0,0,0,0,0,0,0,
Achilles,info.archinnov.achilles.it.bugs.TestDynamicKeyspaceWithUDT,should_crud_find_with_dynamic_ks,1,0,0,0,0,0,0,0,
Achilles,info.archinnov.achilles.it.bugs.TestEntityHavingUDTWithNoKeyspaceIT,should_bootstrap_achilles_correctly,0,0,0,0,1,0,0,0,
Achilles,info.archinnov.achilles.it.TestTypedQueries,should_iterate_regular_typed_query,1,0,0,0,0,0,0,0,
Achilles,info.archinnov.achilles.it.TestEntityWithStaticCounterColumn,should_delete_by_id,0,0,0,0,0,0,0,0,
Achilles,info.archinnov.achilles.it.bugs.TestDynamicKeyspaceWithUDT,should_dsl_update_map_key_set_with_dynamic_ks,1,0,0,0,0,0,0,0,
Achilles,info.archinnov.achilles.it.bugs.ConsistencyLevelOrderingIT,should_override_static_consistency_setting_by_runtime_value,0,0,0,0,0,0,0,0,
Achilles,info.archinnov.achilles.it.TestAsyncCRUDSimpleEntity,should_find_by_id_async,1,0,0,0,0,0,0,0,
Achilles,info.archinnov.achilles.it.TestDSLEntityWithClusterings,should_dsl_select_slice_with_different_partitions,1,0,0,0,0,0,0,0,
Achilles,info.archinnov.achilles.it.bugs.TestDynamicKeyspaceWithUDT,should_crud_delete_by_partition_with_dynamic_ks,0,0,0,0,0,0,0,0,
Achilles,info.archinnov.achilles.it.TestImmutableEntity,should_find_by_id,1,0,0,0,0,0,0,0,
Achilles,info.archinnov.achilles.it.TestDSLSimpleEntity,should_dsl_update_list_append,0,0,0,0,0,0,0,0,
Achilles,info.archinnov.achilles.it.bugs.TestDynamicKeyspaceWithUDT,should_crud_insert_with_dynamic_ks,0,0,0,0,0,0,0,0,
Achilles,info.archinnov.achilles.it.TestEntityWithStaticAnnotations,should_insert_overriding_static_conf,1,0,0,0,0,0,0,0,
Achilles,info.archinnov.achilles.it.TestEntityWithCounterColumn,should_dsl_delete,0,0,0,0,0,0,0,0,
Achilles,info.archinnov.achilles.it.bugs.TestDynamicKeyspaceWithUDT,should_dsl_update_set_add_with_dynamic_ks,1,0,0,0,0,0,0,0,
Achilles,info.archinnov.achilles.it.TestDSLSimpleEntity,should_dsl_delete,1,0,0,0,0,0,0,0,
Achilles,info.archinnov.achilles.it.TestEntityWithCompositePartitionKey,should_dsl_select_with_IN_clause,1,0,0,0,0,0,0,0,
Achilles,info.archinnov.achilles.it.bugs.TestDynamicKeyspaceWithUDT,should_update_using_lwt_lt_with_dynamic_ks,1,0,0,0,0,0,0,0,
Achilles,info.archinnov.achilles.it.TestEntityWithComplexTypes,should_dsl_select,1,0,1,0,0,0,0,0,
Achilles,info.archinnov.achilles.it.TestCRUDSimpleEntity,should_find_with_async_listeners,1,0,0,0,0,0,0,0,
Achilles,info.archinnov.achilles.it.TestEntityWithStaticColumn,should_update,1,0,0,0,0,0,0,0,
Achilles,info.archinnov.achilles.it.TestDSLSimpleEntity,should_dsl_update_list_removeAtIndex,0,0,0,0,0,0,0,0,
Achilles,info.archinnov.achilles.it.TestDSLSimpleEntity,should_dsl_update_list_set,0,0,0,0,0,0,0,0,
Achilles,info.archinnov.achilles.it.TestDSLSimpleEntity,should_dsl_update_set_add,0,0,0,0,0,0,0,0,
Achilles,info.archinnov.achilles.it.TestDSLSimpleEntity,should_dsl_delete_with_execution_info,1,0,0,0,0,0,0,0,
Achilles,info.archinnov.achilles.it.bugs.TestEntityWithNonExistingTableIT,should_fail_if_entity_table_does_not_exist,0,0,0,0,1,0,0,0,
Achilles,info.archinnov.achilles.it.TestCRUDSimpleEntity,should_delete_entity_generate_query_and_bound_values,1,0,0,0,0,0,0,0,
Achilles,info.archinnov.achilles.it.TestDSLSimpleEntity,should_dsl_select_generate_query_string_and_encoded_values,1,0,0,0,0,0,0,0,
Achilles,info.archinnov.achilles.it.bugs.TestDynamicKeyspaceWithUDT,should_delete_using_lwt_lt_with_dynamic_ks,1,0,0,0,0,0,0,0,
Achilles,info.archinnov.achilles.it.TestEntityWithComplexIndices,should_query_using_map_key_value,1,0,0,0,0,0,0,0,
Achilles,info.archinnov.achilles.it.TestEntityWithCustomConstructor,should_dsl_select_one,1,0,1,0,0,0,0,0,
Achilles,info.archinnov.achilles.it.TestEntityWithComplexIndices,should_query_using_map_key_entry,1,0,0,0,0,0,0,0,
Achilles,info.archinnov.achilles.it.bugs.TestEntityWithCaseSensitivePKIT,should_dsl_delete,1,0,0,0,0,0,0,0,
Achilles,info.archinnov.achilles.it.TestEntityWithCustomConstructorAndDeclaredFields,should_dsl_select_one,1,0,1,0,0,0,0,0,
Achilles,info.archinnov.achilles.it.TestDSLSimpleEntity,should_dsl_update_with_options,1,0,0,0,0,0,0,0,
Achilles,info.archinnov.achilles.it.TestDSLSimpleEntity,should_dsl_update_map_removeByKey,1,0,0,0,0,0,0,0,
Achilles,info.archinnov.achilles.it.TestEntityWithCustomConstructor,should_find_by_id,1,0,1,0,0,0,0,0,
Achilles,info.archinnov.achilles.it.TestEntityWithCompositePartitionKey,should_dsl_select_using_token_function,1,0,0,0,0,0,0,0,
Achilles,info.archinnov.achilles.it.TestEntityWithComplexIndices,should_query_using_index_and_partition_key,1,0,0,0,0,0,0,0,
Achilles,info.archinnov.achilles.it.TestCRUDSimpleEntity,should_delete_by_partition,0,0,0,0,0,0,0,0,
Achilles,info.archinnov.achilles.it.bugs.TestDynamicKeyspaceWithUDT,should_dsl_update_map_key_put_with_dynamic_ks,1,0,0,0,0,0,0,0,
Achilles,info.archinnov.achilles.it.TestEntityWithStaticColumn,should_insert_static,1,0,0,0,0,0,0,0,
Achilles,info.archinnov.achilles.it.TestDSLSimpleEntity,should_dsl_update_value_with_execution_info,1,0,0,0,0,0,0,0,
Achilles,info.archinnov.achilles.it.bugs.TestEntityWithNestedUdtIT,should_update_nested_udt,0,0,0,0,0,0,0,0,
Achilles,info.archinnov.achilles.it.bugs.TestDynamicKeyspaceWithUDT,should_dsl_update_set_remove_with_dynamic_ks,1,0,0,0,0,0,0,0,
Achilles,info.archinnov.achilles.it.TestNativeQueries,should_perform_regular_insert_as_native_query,1,0,0,0,0,0,0,0,
Achilles,info.archinnov.achilles.it.TestInterceptorsSimpleEntity,should_trigger_for_insert,1,0,0,0,0,0,0,0,
Achilles,info.archinnov.achilles.it.TestCRUDSimpleEntity,should_insert_with_downgrading_consistency,0,0,0,0,0,0,0,0,
Achilles,info.archinnov.achilles.it.TestCRUDSimpleEntity,should_find_with_schema_name_provider,1,0,0,0,0,0,0,0,
Achilles,info.archinnov.achilles.it.TestDSLSimpleEntity,should_dsl_delete_with_schema_name,0,0,0,0,0,0,0,0,
Achilles,info.archinnov.achilles.it.TestCRUDSimpleEntity,should_delete_with_not_equal_condition,1,0,0,0,0,0,0,0,
Achilles,info.archinnov.achilles.it.bugs.ValidateSchemaIT,should_fail_validating_schema_when_partition_key_missing,0,0,0,0,1,0,0,0,
Achilles,info.archinnov.achilles.it.TestEntityWithComplexTypes,should_insert,1,0,1,0,0,0,0,0,
Achilles,info.archinnov.achilles.it.bugs.TestEntityWithCaseSensitivePKIT,should_dsl_select,1,0,0,0,0,0,0,0,
Achilles,info.archinnov.achilles.it.TestEntityWithStaticCounterColumn,should_delete_instance,0,0,0,0,0,0,0,0,
Achilles,info.archinnov.achilles.it.TestDSLSimpleEntity,should_dsl_select_slice,1,0,0,0,0,0,0,0,
Achilles,info.archinnov.achilles.it.bugs.TestOverridingSchemaNameProvider,should_insert_with_default_schema_name_provider,0,0,0,0,0,0,0,0,
Achilles,info.archinnov.achilles.it.TestCRUDSimpleEntity,should_insert_with_execution_info,1,0,0,0,0,0,0,0,
Achilles,info.archinnov.achilles.it.bugs.TestOverridingSchemaNameProvider,should_find_using_default_schema_name,0,0,0,0,0,0,0,0,
Achilles,info.archinnov.achilles.it.bugs.ValidateSchemaIT,should_fail_validating_schema_when_clustering_column_missing,0,0,0,0,1,0,0,0,
Achilles,info.archinnov.achilles.it.TestDSLEntityWithClusterings,should_dsl_select_slice_with_clustering_IN_same_partition,1,0,0,0,0,0,0,0,
Achilles,info.archinnov.achilles.it.TestEntityWithIndexOnClustering,should_query_using_index_on_clustering,1,0,0,0,0,0,0,0,
Achilles,info.archinnov.achilles.it.TestEntityWithStaticAnnotations,should_insert_using_static_insert_strategy_and_consistency_level,1,0,0,0,0,0,0,0,
Achilles,info.archinnov.achilles.it.TestDSLEntityWithClusterings,should_dsl_update_multiple_partitions,1,0,0,0,0,0,0,0,
Achilles,info.archinnov.achilles.it.TestCRUDSimpleEntity,should_delete_if_exists,1,0,0,1,1,0,0,0,
Achilles,info.archinnov.achilles.it.TestDSLSimpleEntity,should_dsl_update_value_if_exists,1,0,0,1,0,0,0,0,
Achilles,info.archinnov.achilles.it.bugs.TestOverridingSchemaNameProvider,should_delete_using_runtime_schema_name,0,0,0,0,0,0,0,0,
Achilles,info.archinnov.achilles.it.TestALLEntityAsChild,should_dsl_update_child_value,1,0,0,0,0,0,0,0,
Achilles,info.archinnov.achilles.it.TestEntityWithStaticColumn,should_dsl_update_static,1,0,0,0,0,0,0,0,
Achilles,info.archinnov.achilles.it.TestEntityWithStaticColumn,should_insert_static_if_not_exist,1,0,0,0,0,0,0,0,
Achilles,info.archinnov.achilles.it.bugs.TestOverridingSchemaNameProvider,should_dsl_delete_using_default_schema_name,0,0,0,0,0,0,0,0,
Achilles,info.archinnov.achilles.it.TestCRUDSimpleEntity,should_find_by_id,1,0,0,0,0,0,0,0,
Achilles,info.archinnov.achilles.it.bugs.TestEntityWithCaseSensitivePKIT,should_insert_and_find,1,0,0,0,0,0,0,0,
Achilles,info.archinnov.achilles.it.TestCRUDSimpleEntity,should_delete_with_schema_name_provider,0,0,0,0,0,0,0,0,
Achilles,info.archinnov.achilles.it.TestCRUDSimpleEntity,should_delete_with_inequal_condition,1,0,0,0,0,0,0,0,
Achilles,info.archinnov.achilles.it.TestDSLSimpleEntity,should_dsl_update_list_prependAll,0,0,0,0,0,0,0,0,
Achilles,info.archinnov.achilles.it.bugs.TestOverridingSchemaNameProvider,should_dsl_select_using_runtime_schema_name,0,0,0,0,0,0,0,0,
Achilles,info.archinnov.achilles.it.TestEntityWithCounterColumn,should_delete_instance,0,0,0,0,0,0,0,0,
Achilles,info.archinnov.achilles.it.TestCRUDSimpleEntity,should_insert_with_schema_name_provider,1,0,0,0,0,0,0,0,
Achilles,info.archinnov.achilles.it.TestEntityWithComplexIndices,should_query_using_index_and_clustering_column,1,0,0,0,0,0,0,0,
Achilles,info.archinnov.achilles.it.bugs.TestEntityWithNestedUdtIT,should_insert_nested_udt,1,0,0,0,0,0,0,0,
Achilles,info.archinnov.achilles.it.TestInterceptorsSimpleEntity,should_trigger_for_dsl_select,1,0,0,0,0,0,0,0,
Achilles,info.archinnov.achilles.junit.AchillesTestResourceTest,should_start_cassandra_and_create_session,1,0,0,0,0,0,0,0,
Achilles,info.archinnov.achilles.it.TestCastFunctionCallIT,should_dsl_with_nested_system_casting_call,1,0,0,0,0,0,0,0,
Achilles,info.archinnov.achilles.it.TestCastFunctionCallIT,should_dsl_with_cast_nested_into_udf_call,1,0,0,0,0,0,0,0,
