project,testClassName,testMethodName,testLength,numAsserts,numCoveredLines
Achilles,info.archinnov.achilles.it.TestFunctionCallsSimpleEntity,should_fail_call_writetime_on_another_function_call,22,0,0
Achilles,info.archinnov.achilles.it.TestDynamicKeyspaceWithUDTJSON,should_crud_delete_json_with_dynamic_ks,20,1,3
Achilles,info.archinnov.achilles.it.TestEntityWithIndicesForJSON,should_query_using_index_and_clustering_column_fromJSON,21,2,0
Achilles,info.archinnov.achilles.it.TestFunctionCallsSimpleEntity,should_call_user_defined_functions,31,3,0
Achilles,info.archinnov.achilles.it.TestJSONCall,should_insert_json,23,5,0
Achilles,info.archinnov.achilles.it.TestJSONCall,should_delete_using_fromJson,22,1,0
Achilles,info.archinnov.achilles.it.TestJSONCall,should_select_allJSON,21,1,0
Achilles,info.archinnov.achilles.it.TestJSONCall,should_select_json_star,22,1,0
Achilles,info.archinnov.achilles.it.TestFunctionCallsSimpleEntity,should_dsl_with_nested_system_function_call,23,3,0
Achilles,info.archinnov.achilles.it.TestDynamicKeyspaceWithUDTJSON,should_crud_insert_json_with_dynamic_ks,15,1,1
Achilles,info.archinnov.achilles.it.TestEntityWithIndicesForJSON,should_query_using_full_collection_index_fromJSON,19,2,0
Achilles,info.archinnov.achilles.it.TestJSONCall,should_update_using_fromJson,30,5,0
Achilles,info.archinnov.achilles.it.TestEntityWithIndicesForJSON,should_query_using_map_key_entry_fromJSON,19,2,0
Achilles,info.archinnov.achilles.it.TestEntityWithIndicesForJSON,should_query_using_index_and_partition_key_asJSON,20,2,0
Achilles,info.archinnov.achilles.it.TestFunctionCallsSimpleEntity,should_dsl_with_system_function_call,29,6,0
Achilles,info.archinnov.achilles.it.TestEntityWithIndicesForJSON,should_query_using_map_key_index_fromJSON,19,2,0
Achilles,info.archinnov.achilles.it.TestEntityWithIndicesForJSON,should_query_using_map_key_value_fromJSON,19,2,0
Achilles,info.archinnov.achilles.it.TestEntityWithIndicesForJSON,should_query_using_simple_index_fromJSON,19,2,0
Achilles,info.archinnov.achilles.it.TestDynamicKeyspaceWithUDTJSON,should_crud_select_json_with_dynamic_ks,19,1,1
Achilles,info.archinnov.achilles.it.TestJSONCall,should_select_toJson,21,2,0
Achilles,info.archinnov.achilles.it.TestJSONCall,should_insert_json_if_not_exists,42,6,0
Achilles,info.archinnov.achilles.it.TestEntityWithIndicesForJSON,should_query_using_collection_index_fromJSON,19,2,0
Achilles,info.archinnov.achilles.it.TestFunctionCallsSimpleEntity,should_dsl_with_udf_call,23,3,0
Achilles,info.archinnov.achilles.internals.codegen.meta.EntityMetaCodeGenTest,should_build_entity_with_counter_column,14,1,27
Achilles,info.archinnov.achilles.internals.parser.FieldParserTest,should_parse_computed_field_with_codec,20,2,14
Achilles,info.archinnov.achilles.internals.codegen.meta.EntityMetaCodeGenTest,should_fail_building_class_with_wrong_composite_partition_key_order,13,0,18
Achilles,info.archinnov.achilles.internals.parser.FieldInfoParserTest,should_generate_field_info_for_primitiveBoolean,18,1,7
Achilles,info.archinnov.achilles.internals.parser.FieldParserTest,should_parse_jdk8_zoned_date_time,19,2,15
Achilles,info.archinnov.achilles.internals.parser.FieldParserTest,should_parse_tuple_nesting,18,2,17
Achilles,info.archinnov.achilles.internals.parser.FieldInfoParserTest,should_fail_if_partition_key_order_zero,16,0,6
Achilles,info.archinnov.achilles.internals.parser.validator.TypeValidatorTest,should_fail_on_invalidWildCard,10,2,8
Achilles,info.archinnov.achilles.internals.codegen.meta.EntityMetaCodeGenTest,should_build_entity_with_clustering_column,14,1,19
Achilles,info.archinnov.achilles.internals.codegen.meta.EntityMetaCodeGenTest,should_build_inherited_entity,14,1,19
Achilles,info.archinnov.achilles.internals.parser.FieldInfoParserTest,should_fail_if_clustering_column_order_zero,16,0,5
Achilles,info.archinnov.achilles.internals.parser.FieldInfoParserTest,should_fail_if_both_partition_and_clustering_column,16,0,10
Achilles,info.archinnov.achilles.internals.codegen.meta.EntityMetaCodeGenTest,should_fail_building_view_meta_with_counter_column,14,0,29
Achilles,info.archinnov.achilles.internals.parser.AnnotationTreeTest,should_build_trees_map_for_level1_nesting_javac,44,8,3
Achilles,info.archinnov.achilles.internals.parser.FieldInfoParserTest,should_fail_building_map_with_multiple_indices,17,0,9
Achilles,info.archinnov.achilles.internals.strategy.FrozenNestedTypeStrategyTest,should_validate_index_depth_2,14,0,6
Achilles,info.archinnov.achilles.internals.strategy.FrozenNestedTypeStrategyTest,should_validate_index_depth_1,14,0,5
Achilles,info.archinnov.achilles.internals.strategy.FrozenNestedTypeStrategyTest,should_fail_for_non_frozen_list_udt,18,0,5
Achilles,info.archinnov.achilles.internals.parser.FieldInfoParserTest,should_build_list_index_info,16,1,8
Achilles,info.archinnov.achilles.internals.parser.FieldInfoParserTest,should_build_computed_column_info,18,1,10
Achilles,info.archinnov.achilles.internals.codegen.meta.EntityMetaCodeGenTest,should_build_entity_with_computed_column,14,1,38
Achilles,info.archinnov.achilles.internals.strategy.FrozenNestedTypeStrategyTest,should_not_fail_for_non_frozen_tuple_list,14,0,4
Achilles,info.archinnov.achilles.internals.parser.EntityParserTest,should_generate_meta_signature_for_view_javac,21,1,18
Achilles,info.archinnov.achilles.internals.codegen.meta.EntityMetaCodeGenTest,should_fail_building_class_with_wrong_clustering_column_order,13,0,18
Achilles,info.archinnov.achilles.internals.parser.FieldParserTest,should_fail_parsing_non_frozen_nested_udt,23,0,9
Achilles,info.archinnov.achilles.internals.parser.FunctionParserTest,should_parse_functions_with_complex_return_types_javac,135,75,7
Achilles,info.archinnov.achilles.internals.parser.FieldInfoParserTest,should_build_clustering_column_type,15,1,11
Achilles,info.archinnov.achilles.internals.codegen.meta.EntityMetaCodeGenTest,should_build_entity_with_simple_partition_key,14,1,19
Achilles,info.archinnov.achilles.internals.strategy.FrozenNestedTypeStrategyTest,should_fail_validating_index_depth_gt_2,15,0,5
Achilles,info.archinnov.achilles.internals.codegen.meta.EntityMetaCodeGenTest,should_fail_building_class_with_no_public_constructor,13,0,27
Achilles,info.archinnov.achilles.internals.parser.FieldParserTest,should_parse_runtime_codec,20,2,13
Achilles,info.archinnov.achilles.internals.parser.FieldParserTest,should_fail_parsing_SASI_analyzed_but_not_string,26,0,19
Achilles,info.archinnov.achilles.internals.codegen.meta.UDTMetaCodeGenTest,should_generate_udt_property_class,20,1,15
Achilles,info.archinnov.achilles.internals.strategy.FrozenNestedTypeStrategyTest,should_not_fail_for_non_frozen_list_tuple,14,0,5
Achilles,info.archinnov.achilles.internals.parser.validator.TypeValidatorTest,should_validate_objectByte,5,0,4
Achilles,info.archinnov.achilles.internals.parser.FieldParserTest,should_fail_parsing_SASI_on_map,24,0,20
Achilles,info.archinnov.achilles.internals.parser.CodecFactoryTest,should_create_native_codec_for_counter,18,3,13
Achilles,info.archinnov.achilles.internals.parser.FieldParserTest,should_parse_map_nesting,18,2,17
Achilles,info.archinnov.achilles.internals.parser.FieldParserTest,should_fail_parsing_SASI_standardAnalyzer_But_SPARSE,24,0,19
Achilles,info.archinnov.achilles.internals.parser.FieldInfoParserTest,should_build_map_key_index_info,18,1,8
Achilles,info.archinnov.achilles.internals.parser.validator.cassandra3_0.BeanValidator3_0Test,should_fail_validating_view_because_column_not_in_base,13,0,13
Achilles,info.archinnov.achilles.internals.strategy.FrozenNestedTypeStrategyTest,should_not_fail_for_non_frozen_map_tupleValue,14,0,5
Achilles,info.archinnov.achilles.internals.parser.validator.TypeValidatorTest,should_fail_on_invalidLowerBound,10,2,8
Achilles,info.archinnov.achilles.internals.parser.FieldParserTest,should_parse_jdk8_local_date,19,2,15
Achilles,info.archinnov.achilles.internals.parser.FieldParserTest,should_fail_parsing_SASI_SPARSE_But_String,24,0,18
Achilles,info.archinnov.achilles.internals.parser.FieldInfoParserTest,should_build_partition_column_type,15,1,12
Achilles,info.archinnov.achilles.internals.codegen.meta.EntityMetaCodeGenTest,should_build_entity_with_custom_constructor_with_declared_fields,18,1,22
Achilles,info.archinnov.achilles.internals.codegen.meta.EntityMetaCodeGenTest,should_build_entity_with_complex_counter_types,14,1,16
Achilles,info.archinnov.achilles.internals.strategy.FrozenNestedTypeStrategyTest,should_not_fail_for_non_frozen_tuple_tupleValue,14,0,4
Achilles,info.archinnov.achilles.internals.codegen.meta.EntityMetaCodeGenTest,should_build_entity_with_custom_constructor,18,1,22
Achilles,info.archinnov.achilles.internals.parser.CodecFactoryTest,should_fail_creating_native_codec_for_computed_if_target_type_not_matched,16,0,11
Achilles,info.archinnov.achilles.internals.codegen.meta.EntityMetaCodeGenTest,should_build_entity_with_implicit_field_parsing,18,1,16
Achilles,info.archinnov.achilles.internals.parser.validator.cassandra3_0.BeanValidator3_0Test,should_fail_validating_view_because_column_not_correct_type,13,0,13
Achilles,info.archinnov.achilles.internals.parser.FieldParserTest,should_fail_parsing_SASI_lowercase_But_Not_String,24,0,19
Achilles,info.archinnov.achilles.internals.parser.FunctionParserTest,should_fail_parsing_validating_nested_types,9,0,12
Achilles,info.archinnov.achilles.internals.parser.FieldParserTest,should_parse_list_optional_string,27,2,13
Achilles,info.archinnov.achilles.internals.parser.CodecFactoryTest,should_create_codec_for_string,17,3,13
Achilles,info.archinnov.achilles.internals.parser.validator.cassandra3_0.BeanValidator3_0Test,should_fail_validating_view_without_base_entity,13,0,32
Achilles,info.archinnov.achilles.internals.parser.CodecFactoryTest,should_create_codec_for_primitive_byte_array,17,3,14
Achilles,info.archinnov.achilles.internals.codegen.meta.EntityMetaCodeGenTest,should_fail_building_class_with_wrong_computed_column,13,0,26
Achilles,info.archinnov.achilles.internals.parser.FieldParserTest,should_fail_parsing_SASI_analyzed_but_NoOpAnalyzer,24,0,19
Achilles,info.archinnov.achilles.internals.parser.FunctionParserTest,should_parse_functions_with_complex_types_javac,138,76,11
Achilles,info.archinnov.achilles.internals.parser.FieldParserTest,should_fail_parsing_counter_in_udt,23,0,15
Achilles,info.archinnov.achilles.internals.strategy.FrozenNestedTypeStrategyTest,should_fail_for_non_frozen_list_udtValue,18,0,5
Achilles,info.archinnov.achilles.internals.parser.CodecFactoryTest,should_create_codec_for_object_byte,17,3,13
Achilles,info.archinnov.achilles.internals.parser.FieldParserTest,should_fail_parsing_wrongascii,22,0,15
Achilles,info.archinnov.achilles.internals.parser.FieldInfoParserTest,should_build_udt_index_info,17,1,7
Achilles,info.archinnov.achilles.internals.parser.validator.cassandra3_0.BeanValidator3_0Test,should_fail_validating_view_because_missing_base_pk,13,0,13
Achilles,info.archinnov.achilles.internals.parser.validator.BeanValidatorTest,should_validate_entity_with_EntityCreator_constructor,11,2,0
Achilles,info.archinnov.achilles.internals.parser.FieldParserTest,should_parse_timeuuid,22,2,15
Achilles,info.archinnov.achilles.internals.parser.FieldParserTest,should_fail_parsing_SASI_stemming_But_SPARSE,24,0,18
Achilles,info.archinnov.achilles.internals.parser.FieldParserTest,should_fail_parsing_partition_key_in_udt,23,0,15
Achilles,info.archinnov.achilles.internals.strategy.FrozenNestedTypeStrategyTest,should_fail_for_non_frozen_map_udtValueKey,18,0,4
Achilles,info.archinnov.achilles.internals.parser.FieldParserTest,should_parse_enumerated_type,18,2,10
Achilles,info.archinnov.achilles.internals.parser.EntityParserTest,should_fail_because_incorrect_field_type_for_immutable_constructor_param_javac,15,0,21
Achilles,info.archinnov.achilles.internals.parser.FunctionParserTest,should_fail_parsing_function_forbidden_keyspace_name,8,0,7
Achilles,info.archinnov.achilles.internals.parser.FieldInfoParserTest,should_generate_field_info_for_objectBoolean,18,1,7
Achilles,info.archinnov.achilles.internals.codegen.meta.EntityMetaCodeGenTest,should_build_entity_with_complex_types,14,1,14
Achilles,info.archinnov.achilles.internals.codegen.index.IndexSelectDSLCodeGenTest,should_generate_indexed_select_dsl_class_with_udt,34,2,12
Achilles,info.archinnov.achilles.internals.strategy.FrozenNestedTypeStrategyTest,should_fail_for_non_frozen_udtValue,17,0,4
Achilles,info.archinnov.achilles.internals.parser.FieldParserTest,should_fail_parsing_SASI_stemming_But_NotString,24,0,18
Achilles,info.archinnov.achilles.internals.parser.FieldParserTest,should_parse_optional_string,27,2,11
Achilles,info.archinnov.achilles.internals.parser.validator.TypeValidatorTest,should_validate_primitiveByte,4,0,3
Achilles,info.archinnov.achilles.internals.parser.CodecFactoryTest,should_create_codec_for_json,17,3,30
Achilles,info.archinnov.achilles.internals.parser.FieldParserTest,should_parse_json_type,18,2,10
Achilles,info.archinnov.achilles.internals.parser.AnnotationTreeTest,should_build_treemap_for_computed_annotation_javac,32,6,3
Achilles,info.archinnov.achilles.internals.parser.FieldParserTest,should_parse_transformed_type,18,2,9
Achilles,info.archinnov.achilles.internals.parser.FieldInfoParserTest,should_build_not_indexed_column_index_info,16,1,4
Achilles,info.archinnov.achilles.internals.parser.FieldParserTest,should_fail_parsing_SASI_stemming_But_NotAnalyzed,24,0,18
Achilles,info.archinnov.achilles.internals.parser.FieldInfoParserTest,should_generate_field_info_for_map,25,1,7
Achilles,info.archinnov.achilles.internals.parser.validator.TypeValidatorTest,should_fail_on_invalidType,8,2,6
Achilles,info.archinnov.achilles.internals.parser.EntityParserTest,should_fail_because_incorrect_field_type_for_declared_constructor_param_javac,15,0,20
Achilles,info.archinnov.achilles.internals.parser.FieldInfoParserTest,should_build_map_value_index_info,18,1,8
Achilles,info.archinnov.achilles.internals.strategy.FrozenNestedTypeStrategyTest,should_fail_for_non_frozen_map_listKey,18,0,4
Achilles,info.archinnov.achilles.internals.parser.FieldInfoParserTest,should_build_frozen_list_index_info,18,1,12
Achilles,info.archinnov.achilles.internals.parser.EntityParserTest,should_fail_because_incorrect_field_type_for_constructor_param_javac,15,0,20
Achilles,info.archinnov.achilles.internals.codegen.meta.EntityMetaCodeGenTest,should_fail_building_view_meta_with_entity_annotation,14,0,22
Achilles,info.archinnov.achilles.internals.parser.FunctionParserTest,should_parse_function,34,13,7
Achilles,info.archinnov.achilles.internals.parser.FieldInfoParserTest,should_build_clustering_column_info,16,1,5
Achilles,info.archinnov.achilles.internals.parser.validator.BeanValidatorTest,should_validate_immutable_entity,11,2,1
Achilles,info.archinnov.achilles.internals.codegen.meta.EntityMetaCodeGenTest,should_fail_building_class_with_static_without_clustering,13,0,29
Achilles,info.archinnov.achilles.internals.strategy.FrozenNestedTypeStrategyTest,should_not_fail_for_non_frozen_tuple_udtValue,14,0,4
Achilles,info.archinnov.achilles.internals.parser.FunctionParserTest,should_fail_parsing_function_with_blank_keyspace,8,0,9
Achilles,info.archinnov.achilles.internals.parser.FieldInfoParserTest,should_fail_compilation_when_no_setter,15,0,7
Achilles,info.archinnov.achilles.internals.parser.validator.TypeValidatorTest,should_validate_setByte,5,0,4
Achilles,info.archinnov.achilles.internals.parser.FieldInfoParserTest,should_fail_compilation_when_no_getter,15,0,7
Achilles,info.archinnov.achilles.internals.parser.FunctionParserTest,should_fail_parsing_function_with_void_return_type,8,0,6
Achilles,info.archinnov.achilles.internals.parser.FieldInfoParserTest,should_build_computed_column_type,15,1,11
Achilles,info.archinnov.achilles.internals.parser.validator.cassandra3_0.BeanValidator3_0Test,should_fail_validating_view_because_missing_base_collection,13,0,13
Achilles,info.archinnov.achilles.internals.parser.FieldInfoParserTest,should_generate_field_info_for_column_with_no_setter,21,1,6
Achilles,info.archinnov.achilles.internals.parser.validator.TypeValidatorTest,should_validate_tupleValue,5,0,4
Achilles,info.archinnov.achilles.internals.strategy.FrozenNestedTypeStrategyTest,should_fail_for_non_frozen_map_udtValue,18,0,5
Achilles,info.archinnov.achilles.internals.parser.FieldParserTest,should_fail_parsing_SASI_standardAnalyzer_But_NotAnalyzed,24,0,20
Achilles,info.archinnov.achilles.internals.parser.FieldInfoParserTest,should_build_partition_column_info,16,1,8
Achilles,info.archinnov.achilles.internals.parser.FieldInfoParserTest,should_fail_if_both_partition_and_computed_column,16,0,10
Achilles,info.archinnov.achilles.internals.parser.validator.TypeValidatorTest,should_validate_mapByteArray,5,0,4
Achilles,info.archinnov.achilles.internals.parser.FieldInfoParserTest,should_build_static_counter_column_type,16,1,11
Achilles,info.archinnov.achilles.internals.parser.FieldInfoParserTest,should_fail_if_both_partition_and_static_column,16,0,10
Achilles,info.archinnov.achilles.internals.codegen.meta.UDTMetaCodeGenTest,should_generate_udt_with_custom_constructor_property_class,28,1,8
Achilles,info.archinnov.achilles.internals.parser.FieldParserTest,should_fail_parsing_SASI_standardAnalyzer_Not_String,24,0,20
Achilles,info.archinnov.achilles.internals.parser.FieldInfoParserTest,should_build_counter_column_type,16,1,11
Achilles,info.archinnov.achilles.internals.parser.FieldParserTest,should_parse_nested_udt,19,3,9
Achilles,info.archinnov.achilles.internals.parser.FieldParserTest,should_fail_parsing_SASI_lowercase_But_NoAnalyzer,24,0,19
Achilles,info.archinnov.achilles.internals.parser.FieldParserTest,should_fail_parsing_SASI_analyzed_but_SPARSE,24,0,32
Achilles,info.archinnov.achilles.internals.parser.FieldParserTest,should_parse_map_of_double_array,18,2,10
Achilles,info.archinnov.achilles.internals.parser.FunctionParserTest,should_parse_function_with_keyspace,27,9,7
Achilles,info.archinnov.achilles.internals.parser.FieldParserTest,should_parse_udt,18,2,10
Achilles,info.archinnov.achilles.internals.parser.FieldInfoParserTest,should_generate_field_info_for_public_final_columns,21,1,9
Achilles,info.archinnov.achilles.internals.strategy.naming.LowerCaseNamingTest,should_return_blank_name,10,1,4
Achilles,info.archinnov.achilles.internals.parser.CodecFactoryTest,should_create_codec_for_computed,20,3,9
Achilles,info.archinnov.achilles.internals.strategy.FrozenNestedTypeStrategyTest,should_not_fail_for_non_frozen_list_tupleValue,14,0,5
Achilles,info.archinnov.achilles.internals.strategy.FrozenNestedTypeStrategyTest,should_validate_index_depth_2_as_map_key,14,0,6
Achilles,info.archinnov.achilles.internals.parser.FieldInfoParserTest,should_build_frozen_column_info,16,1,5
Achilles,info.archinnov.achilles.internals.strategy.FrozenNestedTypeStrategyTest,should_fail_for_non_frozen_udt,18,0,4
Achilles,info.archinnov.achilles.internals.codegen.meta.EntityMetaCodeGenTest,should_fail_building_class_with_no_partition_key,13,0,24
Achilles,info.archinnov.achilles.internals.strategy.naming.LowerCaseNamingTest,should_return_lower_case,10,1,3
Achilles,info.archinnov.achilles.internals.parser.validator.TypeValidatorTest,should_fail_on_invalidUpperBound,10,2,8
Achilles,info.archinnov.achilles.internals.parser.FieldParserTest,should_parse_json_map,18,2,10
Achilles,info.archinnov.achilles.internals.parser.FieldParserTest,should_parse_optional_protocol_version_from_inline_codec,27,2,11
Achilles,info.archinnov.achilles.internals.parser.FunctionParserTest,should_fail_parsing_function_OpsCenter_keyspace_name,8,0,7
Achilles,info.archinnov.achilles.internals.parser.FieldInfoParserTest,should_build_list_nested_index_info,17,1,7
Achilles,info.archinnov.achilles.internals.parser.EntityParserTest,should_fail_because_no_matching_field_name_for_immutable_constructor_param_javac,15,0,21
Achilles,info.archinnov.achilles.internals.strategy.FrozenNestedTypeStrategyTest,should_fail_for_non_frozen_list_list,18,0,5
Achilles,info.archinnov.achilles.internals.strategy.naming.SnakeCaseNamingTest,should_return_blank_name,10,1,3
Achilles,info.archinnov.achilles.internals.parser.CodecFactoryTest,should_create_native_codec_for_computed,19,3,10
Achilles,info.archinnov.achilles.internals.parser.CodecFactoryTest,should_create_codec_for_transformed_int,18,3,9
Achilles,info.archinnov.achilles.internals.parser.FieldParserTest,should_parse_object_byte_array,18,2,15
Achilles,info.archinnov.achilles.internals.parser.FieldParserTest,should_fail_parsing_clustering_column_in_udt,23,0,15
Achilles,info.archinnov.achilles.internals.parser.validator.TypeValidatorTest,should_validate_listString,5,0,4
Achilles,info.archinnov.achilles.internals.parser.AnnotationTreeTest,should_build_treemap_for_clustering_column_annotation_java,30,4,3
Achilles,info.archinnov.achilles.internals.parser.EntityParserTest,should_fail_because_no_matching_field_name_for_constructor_param_javac,15,0,20
Achilles,info.archinnov.achilles.internals.parser.FieldParserTest,should_parse_enumerated_codec_from_registry,26,2,11
Achilles,info.archinnov.achilles.internals.parser.CodecFactoryTest,should_create_custom_codec_for_counter,18,3,9
Achilles,info.archinnov.achilles.internals.strategy.FrozenNestedTypeStrategyTest,should_not_fail_for_non_frozen_map_tupleValueKey,14,0,5
Achilles,info.archinnov.achilles.internals.parser.AnnotationTreeTest,should_build_treemap_for_codec_annotation_javac,30,5,4
Achilles,info.archinnov.achilles.internals.parser.CodecFactoryTest,should_fail_creating_codec_for_computed_if_target_type_not_matched,16,0,9
Achilles,info.archinnov.achilles.internals.parser.FieldParserTest,should_fail_parsing_SASI_on_set,24,0,20
Achilles,info.archinnov.achilles.internals.parser.validator.BeanValidatorTest,should_fail_validating_class_with_two_custom_constructors,8,0,1
Achilles,info.archinnov.achilles.internals.strategy.naming.LowerCaseNamingTest,should_return_blank_name_on_null,10,1,4
Achilles,info.archinnov.achilles.internals.parser.CodecFactoryTest,should_fail_create_custom_codec_for_counter_if_target_type_not_matched,14,0,9
Achilles,info.archinnov.achilles.internals.parser.AnnotationTreeTest,should_build_trees_for_other_fields_javac,53,10,3
Achilles,info.archinnov.achilles.internals.parser.FieldParserTest,should_parse_jdk8_local_time,19,2,15
Achilles,info.archinnov.achilles.internals.parser.FunctionParserTest,should_fail_parsing_function_with_primitive_return_type,8,0,6
Achilles,info.archinnov.achilles.internals.parser.FieldParserTest,should_fail_parsing_codec_from_registry,16,0,7
Achilles,info.archinnov.achilles.internals.parser.FieldParserTest,should_fail_parsing_static_column_in_udt,23,0,15
Achilles,info.archinnov.achilles.internals.parser.FieldParserTest,should_parse_non_frozen_udt,21,2,9
Achilles,info.archinnov.achilles.internals.parser.CodecFactoryTest,should_fail_creating_JavaType_for_wildcard_type,8,0,0
Achilles,info.archinnov.achilles.internals.parser.AnnotationTreeTest,should_build_annotation_tree_for_map_javac,76,17,3
Achilles,info.archinnov.achilles.internals.types.OverridingOptionalFinalTest,should_get_first_present_value,12,1,3
Achilles,info.archinnov.achilles.internals.parser.FieldParserTest,should_parse_computed_field,19,2,14
Achilles,info.archinnov.achilles.internals.codegen.meta.EntityMetaCodeGenTest,should_build_entity_with_static_column,14,1,19
Achilles,info.archinnov.achilles.internals.parser.FieldInfoParserTest,should_build_map_entry_index_info,18,1,8
Achilles,info.archinnov.achilles.internals.parser.FieldInfoParserTest,should_build_static_column_info,16,1,6
Achilles,info.archinnov.achilles.internals.codegen.ManagerCodeGenTest,should_generate_manager_class_for_index_dsl,34,2,24
Achilles,info.archinnov.achilles.internals.parser.FieldParserTest,should_parse_set_udt,18,2,9
Achilles,info.archinnov.achilles.internals.strategy.naming.SnakeCaseNamingTest,should_return_snake_case,10,1,4
Achilles,info.archinnov.achilles.internals.parser.FieldParserTest,should_fail_parsing_wrongtimeuuid,23,0,15
Achilles,info.archinnov.achilles.internals.parser.FieldParserTest,should_fail_parsing_non_frozen_collection_in_udt,23,0,15
Achilles,info.archinnov.achilles.internals.parser.FieldParserTest,should_parse_nested_tuple,18,2,17
Achilles,info.archinnov.achilles.internals.codegen.meta.EntityMetaCodeGenTest,should_fail_building_class_with_duplicated_cql_name,13,0,19
Achilles,info.archinnov.achilles.internals.parser.CodecFactoryTest,should_create_codec_for_object_byte_array,17,3,14
Achilles,info.archinnov.achilles.internals.types.OverridingOptionalFinalTest,should_get_default_value,12,1,3
Achilles,info.archinnov.achilles.internals.parser.validator.cassandra3_0.BeanValidator3_0Test,should_fail_validating_view_because_more_than_1_non_pk,13,0,13
Achilles,info.archinnov.achilles.internals.types.OverridingOptionalFinalTest,should_get_first_value,12,1,4
Achilles,info.archinnov.achilles.internals.parser.FieldParserTest,should_fail_parsing_SASI_stemming_But_NonTokeninzingAnalyzer,24,0,20
Achilles,info.archinnov.achilles.internals.parser.FieldParserTest,should_parse_enumerated_set_type,18,2,12
Achilles,info.archinnov.achilles.internals.codegen.meta.EntityMetaCodeGenTest,should_build_entity_with_static_annotations,14,1,18
Achilles,info.archinnov.achilles.internals.parser.CodecFactoryTest,should_create_JavaType_for_parameterized_type,15,1,1
Achilles,info.archinnov.achilles.internals.parser.validator.cassandra3_0.BeanValidator3_0Test,should_validate_view_against_base_table,13,0,13
Achilles,info.archinnov.achilles.internals.parser.FieldParserTest,should_parse_primitive_byte_array,18,2,15
Achilles,info.archinnov.achilles.internals.strategy.naming.CaseSensitiveNamingTest,should_return_blank_name,10,1,3
Achilles,info.archinnov.achilles.internals.parser.EntityParserTest,should_generate_meta_signature_for_complex_types_javac,21,1,16
Achilles,info.archinnov.achilles.internals.parser.AnnotationTreeTest,should_build_trees_map_with_nested_json_javac,40,7,4
Achilles,info.archinnov.achilles.internals.parser.CodecFactoryTest,should_create_codec_for_json_map,17,3,11
Achilles,info.archinnov.achilles.internals.parser.FieldParserTest,should_parse_object_boolean,18,2,15
Achilles,info.archinnov.achilles.internals.parser.CodecFactoryTest,should_create_codec_for_primitive_byte,17,3,13
Achilles,info.archinnov.achilles.internals.parser.FieldInfoParserTest,should_generate_field_info_for_consistencyLevel,18,1,7
Achilles,info.archinnov.achilles.internals.strategy.FrozenNestedTypeStrategyTest,should_not_fail_for_non_frozen_map_tupleKey,14,0,5
Achilles,info.archinnov.achilles.internals.parser.FieldInfoParserTest,should_build_normal_column_info,16,1,6
Achilles,info.archinnov.achilles.internals.parser.FunctionParserTest,should_fail_parsing_function_with_unsupported_return_type,8,0,7
Achilles,info.archinnov.achilles.internals.parser.FieldParserTest,should_parse_jdk8_instant,19,2,15
Achilles,info.archinnov.achilles.internals.parser.CodecFactoryTest,should_create_codec_for_enumerated,18,3,11
Achilles,info.archinnov.achilles.internals.parser.validator.BeanValidatorTest,should_fail_validating_an_interface,8,0,1
Achilles,info.archinnov.achilles.internals.parser.FunctionParserTest,should_fail_parsing_duplicate_function_declaration,12,0,8
Achilles,info.archinnov.achilles.internals.strategy.FrozenNestedTypeStrategyTest,should_not_fail_for_non_frozen_tuple_udt,14,0,4
Achilles,info.archinnov.achilles.internals.parser.FieldParserTest,should_parse_ascii,21,2,15
Achilles,info.archinnov.achilles.internals.strategy.FrozenNestedTypeStrategyTest,should_not_fail_for_non_frozen_tupleValue,14,0,4
Achilles,info.archinnov.achilles.internals.parser.validator.TypeValidatorTest,should_validate_tuple3,5,0,4
Achilles,info.archinnov.achilles.internals.parser.validator.TypeValidatorTest,should_validate_tuple2,5,0,4
Achilles,info.archinnov.achilles.internals.parser.validator.TypeValidatorTest,should_validate_tuple1,5,0,4
Achilles,info.archinnov.achilles.internals.codegen.meta.EntityMetaCodeGenTest,should_build_entity_with_composite_partition_key,14,1,19
Achilles,info.archinnov.achilles.internals.parser.FieldParserTest,should_parse_list_nesting,18,2,17
Achilles,info.archinnov.achilles.internals.codegen.meta.EntityMetaCodeGenTest,should_build_entity_with_static_counter_column,14,1,19
Achilles,info.archinnov.achilles.internals.parser.FieldParserTest,should_parse_set_nesting,18,2,17
Achilles,info.archinnov.achilles.internals.codegen.meta.EntityMetaCodeGenTest,should_fail_building_child_class_with_shadowed_field,13,0,19
Achilles,info.archinnov.achilles.internals.parser.FieldInfoParserTest,should_build_not_indexed_map_index_info,17,1,4
Achilles,info.archinnov.achilles.internals.parser.FieldInfoParserTest,should_fail_if_both_clustering_and_computed_column,16,0,9
Achilles,info.archinnov.achilles.internals.parser.FunctionParserTest,should_fail_parsing_function_with_unsupported_param_type,8,0,7
Achilles,info.archinnov.achilles.internals.parser.CodecFactoryTest,should_create_JavaType_for_simple_type,9,1,1
Achilles,info.archinnov.achilles.internals.strategy.naming.CaseSensitiveNamingTest,should_return_blank_name_on_null,10,1,3
Achilles,info.archinnov.achilles.internals.parser.FieldParserTest,should_parse_codec_overriding_registry,28,2,11
Achilles,info.archinnov.achilles.internals.strategy.FrozenNestedTypeStrategyTest,should_fail_for_non_frozen_map_list,18,0,5
Achilles,info.archinnov.achilles.internals.parser.FieldInfoParserTest,should_build_list_not_index_info,17,1,4
Achilles,info.archinnov.achilles.internals.utils.TypeNameHelperTest,should_convert_type_name_to_string,23,7,14
Achilles,info.archinnov.achilles.internals.parser.FieldParserTest,should_parse_simple_codec_from_registry,26,2,11
Achilles,info.archinnov.achilles.internals.parser.FieldInfoParserTest,should_fail_if_both_clustering_and_static_column,16,0,9
Achilles,info.archinnov.achilles.internals.parser.FieldParserTest,should_fail_parsing_SASI_on_list,24,0,20
Achilles,info.archinnov.achilles.internals.parser.FieldParserTest,should_parse_string_type,18,2,15
Achilles,info.archinnov.achilles.internals.parser.FieldParserTest,should_parse_map_with_nested_json,18,2,10
Achilles,info.archinnov.achilles.internals.parser.FieldParserTest,should_parse_nested_int_array,18,2,12
Achilles,info.archinnov.achilles.internals.parser.EntityParserTest,should_fail_because_not_public_final_field_type_for_immutable_constructor_param_javac,15,0,21
Achilles,info.archinnov.achilles.internals.codegen.meta.EntityMetaCodeGenTest,should_fail_building_view_meta_with_static_column,14,0,29
Achilles,info.archinnov.achilles.internals.strategy.naming.CaseSensitiveNamingTest,should_return_case_sensitive,10,1,4
Achilles,info.archinnov.achilles.internals.parser.FieldInfoParserTest,should_fail_compilation_when_no_suitable_setter,15,0,7
Achilles,info.archinnov.achilles.internals.parser.FieldParserTest,should_parse_tuple10,21,2,10
Achilles,info.archinnov.achilles.internals.parser.EntityParserTest,should_generate_meta_signature_for_immutable_entity_javac,21,1,24
Achilles,info.archinnov.achilles.internals.codegen.dsl.select.SelectDSLCodeGenTest,should_generate_select_dsl_class_for_udt_as_clustering,34,2,10
Achilles,info.archinnov.achilles.internals.strategy.naming.SnakeCaseNamingTest,should_return_blank_name_on_null,10,1,3
Achilles,info.archinnov.achilles.internals.parser.FieldParserTest,should_fail_parsing_SASI_lowercase_But_SPARSE,24,0,18
Achilles,info.archinnov.achilles.internals.parser.FieldParserTest,should_parse_map_udt,18,2,9
Achilles,info.archinnov.achilles.internals.parser.validator.BeanValidatorTest,should_fail_validating_an_abstract_class,8,0,2
Achilles,info.archinnov.achilles.internals.parser.validator.TypeValidatorTest,should_fail_on_invalidTypeNestedType,10,2,8
Achilles,info.archinnov.achilles.internals.parser.FieldParserTest,should_parse_tuple7,21,2,10
Achilles,info.archinnov.achilles.internals.parser.FieldParserTest,should_parse_tuple6,21,2,10
Achilles,info.archinnov.achilles.internals.parser.FieldParserTest,should_parse_tuple9,21,2,10
Achilles,info.archinnov.achilles.internals.parser.CodecFactoryTest,should_create_JavaType_for_array_type,13,1,1
Achilles,info.archinnov.achilles.internals.parser.FieldInfoParserTest,should_fail_if_both_static_and_computed_column,16,0,9
Achilles,info.archinnov.achilles.internals.parser.FieldParserTest,should_parse_tuple8,21,2,10
Achilles,info.archinnov.achilles.internals.parser.validator.BeanValidatorTest,should_fail_validating_class_without_default_constructor,8,0,0
Achilles,info.archinnov.achilles.internals.parser.EntityParserTest,should_fail_because_no_matching_field_name_for_declared_constructor_param_javac,15,0,20
Achilles,info.archinnov.achilles.internals.parser.FieldParserTest,should_parse_optional_protocol_version_from_codec_registry,27,2,11
Achilles,info.archinnov.achilles.internals.parser.FieldInfoParserTest,should_build_static_column_type,15,1,11
Achilles,info.archinnov.achilles.type.TypedMapTest,should_build_typed_map_from_source,11,2,6
Achilles,info.archinnov.achilles.internals.parser.AnnotationTreeTest,should_build_trees_json_map_javac,28,3,2
Achilles,info.archinnov.achilles.internals.parser.FieldParserTest,should_parse_json_codec_from_registry,26,2,11
Achilles,info.archinnov.achilles.internals.parser.FieldParserTest,should_fail_parsing_SASI_lowercase_But_NotAnalyzed,24,0,18
Achilles,info.archinnov.achilles.internals.strategy.FrozenNestedTypeStrategyTest,should_not_fail_for_non_frozen_map_tuple,14,0,5
Achilles,info.archinnov.achilles.internals.parser.FieldParserTest,should_parse_tuple3,21,2,10
Achilles,info.archinnov.achilles.internals.parser.FieldParserTest,should_parse_tuple2,18,2,11
Achilles,info.archinnov.achilles.internals.parser.FieldParserTest,should_parse_tuple5,21,2,10
Achilles,info.archinnov.achilles.internals.parser.FieldParserTest,should_parse_tuple4,21,2,10
Achilles,info.archinnov.achilles.internals.parser.validator.TypeValidatorTest,should_validate_primitiveByteArray,5,0,4
Achilles,info.archinnov.achilles.internals.codegen.meta.EntityMetaCodeGenTest,should_fail_building_abstract_class,14,0,25
Achilles,info.archinnov.achilles.internals.parser.FieldParserTest,should_parse_tuple1,18,2,10
Achilles,info.archinnov.achilles.internals.parser.FieldInfoParserTest,should_build_normal_column_type,15,1,11
Achilles,info.archinnov.achilles.internals.codegen.meta.EntityMetaCodeGenTest,should_build_entity_with_complex_indices,14,1,20
Achilles,info.archinnov.achilles.internals.parser.FieldParserTest,should_parse_field_with_case_sensitive_overriden_name,19,2,16
Achilles,info.archinnov.achilles.internals.parser.validator.TypeValidatorTest,should_validate_objectByteArray,5,0,4
Achilles,info.archinnov.achilles.internals.strategy.FrozenNestedTypeStrategyTest,should_fail_for_non_frozen_map_udt,18,0,5
Achilles,info.archinnov.achilles.internals.codegen.meta.EntityMetaCodeGenTest,should_build_view_meta,14,1,19
Achilles,info.archinnov.achilles.internals.strategy.FrozenNestedTypeStrategyTest,should_fail_for_non_frozen_map_udtKey,18,0,4
Achilles,info.archinnov.achilles.internals.parser.FieldParserTest,should_parse_complex_nested_map,25,2,11
Achilles,info.archinnov.achilles.internals.parser.FieldParserTest,should_parse_codec_from_registry,27,2,11
Achilles,info.archinnov.achilles.internals.parser.FieldParserTest,should_parse_list_udt,18,2,9
Achilles,info.archinnov.achilles.internals.codegen.meta.EntityMetaCodeGenTest,should_fail_building_view_meta_without_view_annotation,14,0,22
Achilles,info.archinnov.achilles.internals.parser.FieldInfoParserTest,should_generate_field_info_for_UpperCase,19,1,5
Achilles,info.archinnov.achilles.internals.parser.FieldParserTest,should_parse_primitive_boolean,18,2,15
Achilles,info.archinnov.achilles.internals.parser.FunctionParserTest,should_fail_parsing_function_forbidden_function_name,8,0,6
Achilles,info.archinnov.achilles.internals.strategy.FrozenNestedTypeStrategyTest,should_not_fail_for_non_frozen_tuple_map,14,0,4
Achilles,info.archinnov.achilles.script.ScriptExecutorTest,should_load_script_as_lines,14,6,7
Achilles,info.archinnov.achilles.script.ScriptExecutorTest,should_build_batch_statements_from_lines,17,3,10
Achilles,info.archinnov.achilles.script.ScriptExecutorTest,should_build_create_function_statements_from_lines_syntax_1,18,2,11
Achilles,info.archinnov.achilles.script.ScriptExecutorTest,should_execute_script,12,3,6
Achilles,info.archinnov.achilles.script.ScriptExecutorTest,should_build_statements_from_lines,18,3,11
Achilles,info.archinnov.achilles.script.ScriptExecutorTest,should_build_create_function_statements_from_lines_syntax_3,21,3,14
Achilles,info.archinnov.achilles.script.ScriptExecutorTest,should_build_create_function_statements_from_lines_syntax_2,19,2,12
Achilles,info.archinnov.achilles.script.ScriptExecutorTest,should_build_create_function_statements_from_lines_syntax_4,22,3,15
Achilles,info.archinnov.achilles.it.TestEntityWithSASIIndices,should_search_using_contains,22,6,0
Achilles,info.archinnov.achilles.it.TestEntityWithSASIIndices,should_search_using_eq_non_tokenizer,18,2,0
Achilles,info.archinnov.achilles.it.TestEntityWithSASIIndices,should_search_using_end_with,18,2,0
Achilles,info.archinnov.achilles.it.TestEntityWithSASIIndices,should_search_using_like_non_tokenizer,20,2,0
Achilles,info.archinnov.achilles.it.TestEntityWithSASIIndices,should_search_using_like,18,2,0
Achilles,info.archinnov.achilles.it.TestEntityWithSASIIndices,should_search_using_prefix_non_tokenizer,21,3,0
Achilles,info.archinnov.achilles.it.TestMultiClusteringEntityIT,should_delete_with_multi_columns_slice,20,1,0
Achilles,info.archinnov.achilles.it.TestMultiClusteringEntityIT,should_update_with_IN_clause_on_first_clustering,24,2,0
Achilles,info.archinnov.achilles.it.TestMultiClusteringEntityIT,should_delete_by_partition_only,18,1,0
Achilles,info.archinnov.achilles.it.TestMultiClusteringEntityIT,should_delete_by_partition_and_first_clustering_column_range,26,7,0
Achilles,info.archinnov.achilles.it.TestMultiClusteringEntityIT,should_delete_with_slice_on_last_clustering,21,1,0
Achilles,info.archinnov.achilles.it.TestMultiClusteringEntityIT,should_delete_with_IN_clause_on_first_clustering,21,1,0
Achilles,info.archinnov.achilles.it.TestViewSensorByType,should_find_by_id,12,2,0
Achilles,info.archinnov.achilles.it.TestMultiClusteringEntityIT,should_update_with_IN_clause_on_last_clustering,24,2,0
Achilles,info.archinnov.achilles.it.TestMultiClusteringEntityIT,should_delete_by_partition_and_first_clustering_column_only,32,13,0
Achilles,info.archinnov.achilles.it.TestViewSensorByType,should_typed_query,23,3,0
Achilles,info.archinnov.achilles.it.TestMultiClusteringEntityIT,should_update_with_IN_clause_on_all_clusterings,25,2,0
Achilles,info.archinnov.achilles.it.TestMultiClusteringEntityIT,should_delete_with_IN_clause_on_last_clustering,21,1,0
Achilles,info.archinnov.achilles.it.TestViewSensorByType,should_native_query,22,3,0
Achilles,info.archinnov.achilles.it.TestViewSensorByType,should_select_by_slice,28,3,0
Achilles,info.archinnov.achilles.it.TestMultiClusteringEntityIT,should_delete_with_slice_on_first_clustering,20,1,0
Achilles,info.archinnov.achilles.it.TestViewSensorByType,should_fail_if_mutation_statement_for_view,16,0,0
Achilles,info.archinnov.achilles.it.TestMultiClusteringEntityIT,should_delete_with_IN_clause_on_all_clusterings,21,1,0
Achilles,info.archinnov.achilles.it.TestFunctionCallsWithLiteralValuesIT,should_chain_function_calls_with_literal_value,21,3,0
Achilles,info.archinnov.achilles.it.TestFunctionCallsWithLiteralValuesIT,should_call_aggregate_with_literal_values,27,6,0
Achilles,info.archinnov.achilles.it.TestFunctionCallsWithLiteralValuesIT,should_call_textToLong_with_literal_value,19,2,0
Achilles,info.archinnov.achilles.it.TestEntityWithClusteringIT,should_select_with_allow_per_partition_limit,21,2,0
Achilles,info.archinnov.achilles.it.TestEntityWithNonFrozenUDTIT,should_update_udt_fields,38,9,0
Achilles,info.archinnov.achilles.it.TestEntityForGroupByIT,should_select_sum_group_by_partition_keys_and_one_clustering,76,25,0
Achilles,info.archinnov.achilles.it.TestSchemaGenerator,should_build_schema_for_entity_with_clustering_columns,11,1,7
Achilles,info.archinnov.achilles.it.TestSchemaGenerator,should_build_schema_for_complex_indices,11,1,5
Achilles,info.archinnov.achilles.it.TestSchemaGenerator,should_build_schema_for_entity_with_static_column,11,1,5
Achilles,info.archinnov.achilles.it.TestEntityWithDurationTypeIT,should_dsl_select,19,2,0
Achilles,info.archinnov.achilles.it.TestUdtWithCaseSensitiveUDTIT,should_validate_schema,9,1,0
Achilles,info.archinnov.achilles.it.TestSchemaGenerator,should_use_schema_generator,13,1,4
Achilles,info.archinnov.achilles.it.TestSchemaGenerator,should_build_schema_for_entity_with_composite_partition_key,11,1,5
Achilles,info.archinnov.achilles.it.TestSchemaGenerator,should_build_schema_for_complex_counter,11,1,5
Achilles,info.archinnov.achilles.it.TestSchemaGenerator,should_use_schema_generator_and_append_to_string,11,1,5
Achilles,info.archinnov.achilles.it.TestEntityForGroupByIT,should_select_sum_group_by_partition_keys,34,5,0
Achilles,info.archinnov.achilles.it.TestEntityWithDurationTypeIT,should_find_by_id,15,2,0
Achilles,info.archinnov.achilles.it.TestSchemaGenerator,should_build_schema_for_view,13,1,7
Achilles,info.archinnov.achilles.it.TestEntityForGroupByIT,should_select_sum_with_group_by_first_clustering,37,7,0
Achilles,info.archinnov.achilles.it.TestSchemaGenerator,should_build_schema_for_simple_entity,11,1,5
Achilles,info.archinnov.achilles.it.TestSchemaGenerator,should_build_schema_for_entity_with_simple_partition_key,11,1,5
Achilles,info.archinnov.achilles.it.TestEntityForGroupByIT,should_select_sum_with_group_by_second_clustering,35,7,0
Achilles,info.archinnov.achilles.it.TestSchemaGenerator,should_build_schema_for_complex_types,16,1,9
Achilles,info.archinnov.achilles.it.TestEntityForGroupByIT,should_select_sum_with_group_by_first_and_second_clustering,55,19,0
Achilles,info.archinnov.achilles.it.TestEntityForGroupByIT,should_select_using_token_function,22,3,0
Achilles,info.archinnov.achilles.it.TestSchemaGenerator,should_build_schema_for_entity_with_static_counter_column,11,1,5
Achilles,info.archinnov.achilles.it.TestSchemaGenerator,should_build_schema_for_entity_with_counter_column,11,1,5
Achilles,info.archinnov.achilles.it.TestEntityWithDurationTypeIT,should_insert,18,2,0
Achilles,info.archinnov.achilles.it.TestSchemaGenerator,should_build_schema_for_child_entity,11,1,5
Achilles,info.archinnov.achilles.it.TestSchemaGenerator,should_build_schema_for_udt,11,1,5
Achilles,info.archinnov.achilles.it.TestSchemaGenerator,should_build_schema_for_entity_with_static_annotations,11,1,5
Achilles,info.archinnov.achilles.embedded.PortFinderTest,try_to_find_first_port,14,3,7
Achilles,info.archinnov.achilles.embedded.CassandraEmbeddedServerBuilderTest,should_start_embedded_server_with_listen_and_rpc_address,22,2,4
Achilles,info.archinnov.achilles.it.bugs.TestEntityWithCaseSensitivePKIT,should_dsl_delete,28,5,0
Achilles,info.archinnov.achilles.it.TestCRUDSimpleEntity,should_insert_with_insert_strategy_non_null_fields,19,2,0
Achilles,info.archinnov.achilles.it.TestDSLSimpleEntity,should_dsl_select_slice_with_execution_info,42,2,0
Achilles,info.archinnov.achilles.it.bugs.TestOverridingSchemaNameProvider,should_find_using_runtime_schema_name,15,1,2
Achilles,info.archinnov.achilles.it.bugs.TestDynamicKeyspaceWithUDT,should_crud_find_with_dynamic_ks,20,2,1
Achilles,info.archinnov.achilles.it.bugs.TestOverridingSchemaNameProvider,should_dsl_delete_using_runtime_schema_name,18,1,2
Achilles,info.archinnov.achilles.it.TestDSLSimpleEntity,should_dsl_update_list_removeAll,21,1,0
Achilles,info.archinnov.achilles.it.bugs.TestDynamicKeyspaceWithUDT,should_delete_using_lwt_eq_with_dynamic_ks,23,2,1
Achilles,info.archinnov.achilles.it.TestCRUDSimpleEntity,should_delete_by_id_generate_query_and_bound_values,24,4,0
Achilles,info.archinnov.achilles.it.bugs.TestEntityWithByteBufferTypeIT,should_support_bytebuffer_type,31,2,10
Achilles,info.archinnov.achilles.it.bugs.ConsistencyLevelOrderingIT,should_override_consistency_level_map_value_by_static_consistency_setting,17,0,0
Achilles,info.archinnov.achilles.it.bugs.TestDynamicKeyspaceWithUDT,should_dsl_delete_with_dynamic_ks,23,1,1
Achilles,info.archinnov.achilles.it.TestBeanValidation,should_fail_on_post_load,14,0,0
Achilles,info.archinnov.achilles.it.TestEntityWithComplexTuple,should_find,18,3,0
Achilles,info.archinnov.achilles.it.bugs.TestEntityWithNonExistingTableIT,should_fail_if_entity_table_does_not_exist,20,0,3
Achilles,info.archinnov.achilles.it.bugs.ValidateSchemaIT,should_fail_validating_schema_when_clustering_column_missing,18,0,4
Achilles,info.archinnov.achilles.it.TestALLEntityAsChild,should_insert_generate_query_and_bound_values,24,4,0
Achilles,info.archinnov.achilles.it.TestImmutableEntity,should_find_by_id,16,6,0
Achilles,info.archinnov.achilles.it.bugs.TestOverridingSchemaNameProvider,should_delete_using_runtime_schema_name,16,1,2
Achilles,info.archinnov.achilles.it.TestEntityWithStaticAnnotations,should_insert_using_static_insert_strategy_and_consistency_level,35,3,0
Achilles,info.archinnov.achilles.it.TestEntityWithStaticColumn,should_update,20,3,0
Achilles,info.archinnov.achilles.it.TestEntityWithCustomConstructor,should_dsl_select_one,16,6,0
Achilles,info.archinnov.achilles.it.TestEntityWithComplexIndices,should_query_using_index_and_multi_clustering_columns_slice,20,2,0
Achilles,info.archinnov.achilles.it.TestCRUDSimpleEntity,should_insert_with_execution_info,16,2,0
Achilles,info.archinnov.achilles.it.TestEntityWithComplexTypes,should_insert,130,45,1
Achilles,info.archinnov.achilles.it.bugs.ConsistencyLevelOrderingIT,should_override_cluster_consistency_config_by_achilles_consistency_setting,17,0,0
Achilles,info.archinnov.achilles.it.TestEntityWithCounterColumn,should_dsl_delete,20,1,0
Achilles,info.archinnov.achilles.it.TestEntityWithStaticColumn,should_find,18,3,0
Achilles,info.archinnov.achilles.it.bugs.TestDynamicKeyspaceWithUDT,should_crud_delete_by_id_with_dynamic_ks,20,1,3
Achilles,info.archinnov.achilles.it.TestEntityWithComplexTypes,should_dsl_select,21,3,1
Achilles,info.archinnov.achilles.it.TestEntityWithComplexCounter,should_dsl_update_codec_counter,23,2,0
Achilles,info.archinnov.achilles.it.TestEntityWithStaticColumn,should_insert_static_with_insert_strategy,24,3,0
Achilles,info.archinnov.achilles.it.TestInterceptorsSimpleEntity,should_trigger_for_delete,15,1,7
Achilles,info.archinnov.achilles.it.TestInterceptorsSimpleEntity,should_trigger_for_insert,21,3,7
Achilles,info.archinnov.achilles.it.TestEntityWithStaticColumn,should_insert_static_if_not_exist,24,2,0
Achilles,info.archinnov.achilles.it.bugs.TestDynamicKeyspaceWithUDT,should_crud_delete_by_partition_with_dynamic_ks,19,1,1
Achilles,info.archinnov.achilles.it.TestEntityWithCustomConstructor,should_find_by_id,16,6,0
Achilles,info.archinnov.achilles.it.TestCRUDSimpleEntity,should_delete_with_equal_condition,36,2,0
Achilles,info.archinnov.achilles.it.bugs.TestDynamicKeyspaceWithUDT,should_dsl_update_set_remove_with_dynamic_ks,29,4,1
Achilles,info.archinnov.achilles.it.bugs.MultiLayerNestingIT,should_select_some_columns_from_udt,22,4,0
Achilles,info.archinnov.achilles.it.TestDSLSimpleEntity,should_dsl_select_generate_query_string_and_encoded_values,29,4,0
Achilles,info.archinnov.achilles.it.bugs.NativeCollectionsCodecIT,should_insert_list_long,19,1,0
Achilles,info.archinnov.achilles.it.TestCRUDSimpleEntity,should_delete_with_inequal_condition,36,2,0
Achilles,info.archinnov.achilles.it.bugs.TestEntityWithNestedUdtIT,should_insert_nested_udt,28,5,0
Achilles,info.archinnov.achilles.it.TestNativeQueries,should_perform_regular_native_query,16,2,0
Achilles,info.archinnov.achilles.it.TestCRUDSimpleEntity,should_insert,25,8,0
Achilles,info.archinnov.achilles.it.TestDSLSimpleEntity,should_dsl_update_list_removeAtIndex,21,1,0
Achilles,info.archinnov.achilles.it.TestDSLSimpleEntity,should_dsl_delete_with_schema_name,35,1,1
Achilles,info.archinnov.achilles.it.TestTypedQueries,should_limit_displayed_returned_results,34,1,0
Achilles,info.archinnov.achilles.it.TestEntityWithCustomConstructorAndDeclaredFields,should_typed_query,18,6,0
Achilles,info.archinnov.achilles.it.bugs.TestDynamicKeyspaceWithUDT,should_dsl_update_list_append_with_dynamic_ks,34,4,1
Achilles,info.archinnov.achilles.it.TestCRUDSimpleEntity,should_delete_with_not_equal_condition,36,2,0
Achilles,info.archinnov.achilles.it.bugs.TestNotUsePrimitiveArrayCodecs,should_insert_udt_with_collections_primitive,20,4,0
Achilles,info.archinnov.achilles.it.TestEntityWithStaticColumn,should_insert,20,3,0
Achilles,info.archinnov.achilles.it.TestCRUDSimpleEntity,should_delete_by_partition_generate_query_and_bound_values,24,4,0
Achilles,info.archinnov.achilles.it.TestEntityWithIndexOnClustering,should_query_using_index_on_clustering,19,2,0
Achilles,info.archinnov.achilles.it.TestALLEntityAsChild,should_find_by_id,13,3,0
Achilles,info.archinnov.achilles.it.bugs.TestDynamicKeyspaceWithUDT,should_dsl_update_map_key_set_with_dynamic_ks,30,4,1
Achilles,info.archinnov.achilles.it.TestCRUDSimpleEntity,should_delete_by_partition,12,1,0
Achilles,info.archinnov.achilles.it.TestEntityWithStaticColumn,should_dsl_select_static,23,3,0
Achilles,info.archinnov.achilles.it.bugs.TestDynamicKeyspaceWithUDT,should_crud_delete_instance_with_dynamic_ks,21,1,1
Achilles,info.archinnov.achilles.it.TestDSLSimpleEntity,should_dsl_update_map_removeByKey,23,3,0
Achilles,info.archinnov.achilles.it.TestEntityWithCompositePartitionKey,should_insert,19,4,0
Achilles,info.archinnov.achilles.it.bugs.TestDynamicKeyspaceWithUDT,should_dsl_select_with_dynamic_ks,23,2,1
Achilles,info.archinnov.achilles.it.TestInterceptorsSimpleEntity,should_trigger_for_update,24,3,7
Achilles,info.archinnov.achilles.it.TestDSLSimpleEntity,should_dsl_update_list_prepend,21,1,0
Achilles,info.archinnov.achilles.it.TestTypedQueries,should_perform_prepared_typed_query,17,2,0
Achilles,info.archinnov.achilles.it.bugs.TestDynamicKeyspaceWithUDT,should_update_using_lwt_eq_with_dynamic_ks,24,2,1
Achilles,info.archinnov.achilles.it.TestALLEntityAsChild,should_delete_by_id,12,1,0
Achilles,info.archinnov.achilles.it.TestDSLSimpleEntity,should_dsl_select_slice,82,33,0
Achilles,info.archinnov.achilles.it.TestDSLEntityWithClusterings,should_dsl_select_one,24,2,0
Achilles,info.archinnov.achilles.it.TestNativeQueries,should_perform_prepared_native_query,17,2,0
Achilles,info.archinnov.achilles.it.TestEntityWithComplexCounter,should_find,23,4,0
Achilles,info.archinnov.achilles.it.TestEntityWithComplexIndices,should_query_using_index_and_partition_key,20,2,0
Achilles,info.archinnov.achilles.it.TestEntityWithComplexIndices,should_query_using_index_and_clustering_column,21,2,0
Achilles,info.archinnov.achilles.it.bugs.ValidateSchemaIT,should_fail_validating_schema_when_partition_key_missing,19,0,5
Achilles,info.archinnov.achilles.it.TestEntityWithComplexIndices,should_query_using_index_and_clustering_column_inequality,18,1,0
Achilles,info.archinnov.achilles.it.TestDSLEntityWithClusterings,should_dsl_select_slice_with_tuples_same_partition,89,8,0
Achilles,info.archinnov.achilles.it.TestEntityWithStaticColumn,should_update_static,19,3,0
Achilles,info.archinnov.achilles.it.TestCRUDSimpleEntity,should_insert_generate_query_and_bound_values,26,4,0
Achilles,info.archinnov.achilles.it.TestDSLSimpleEntity,should_dsl_update_map_put,23,3,0
Achilles,info.archinnov.achilles.it.TestCRUDSimpleEntity,should_insert_if_not_exists,31,2,2
Achilles,info.archinnov.achilles.it.TestDSLSimpleEntity,should_dsl_update_set_remove,21,1,0
Achilles,info.archinnov.achilles.it.TestEntityWithComplexIndices,should_query_using_full_collection_index,19,2,0
Achilles,info.archinnov.achilles.it.TestDSLSimpleEntity,should_dsl_update_list_append,21,1,0
Achilles,info.archinnov.achilles.it.TestDSLSimpleEntity,should_dsl_update_set_add,21,1,0
Achilles,info.archinnov.achilles.it.TestCRUDSimpleEntity,should_insert_with_schema_name_provider,28,2,1
Achilles,info.archinnov.achilles.it.TestBeanValidation,should_fail_on_pre_insert_because_empty_list,16,0,4
Achilles,info.archinnov.achilles.it.TestCRUDSimpleEntity,should_delete_if_exists,29,2,2
Achilles,info.archinnov.achilles.it.TestEntityWithComplexIndices,should_query_using_index_and_clustering_column_slice,20,2,0
Achilles,info.archinnov.achilles.it.TestInterceptorsSimpleEntity,should_trigger_for_dsl_iterator,47,9,7
Achilles,info.archinnov.achilles.it.TestDSLSimpleEntity,should_dsl_update_list_remove_single,24,1,0
Achilles,info.archinnov.achilles.it.TestEntityWithComplexIndices,should_query_using_map_key_index,19,2,0
Achilles,info.archinnov.achilles.it.TestDSLSimpleEntity,should_dsl_delete_generate_query_string_and_encoded_values,26,4,0
Achilles,info.archinnov.achilles.it.TestNativeQueries,should_perform_regular_insert_as_native_query,16,2,0
Achilles,info.archinnov.achilles.it.bugs.TestOverridingSchemaNameProvider,should_dsl_update_using_runtime_schema_name,21,2,2
Achilles,info.archinnov.achilles.it.TestDSLEntityWithClusterings,should_dsl_update_multiple_partitions,65,3,0
Achilles,info.archinnov.achilles.it.bugs.TestOverridingSchemaNameProvider,should_dsl_select_using_default_schema_name,17,1,1
Achilles,info.archinnov.achilles.it.bugs.PrimitiveAsClusteringColumnIT,should_select_dsl,27,5,0
Achilles,info.archinnov.achilles.it.bugs.TestEntityWithCaseSensitivePKIT,should_insert_and_delete,14,1,0
Achilles,info.archinnov.achilles.it.TestDSLSimpleEntity,should_dsl_update_list_set,21,1,0
Achilles,info.archinnov.achilles.it.bugs.TestDSLUpdateWithTTLAndTimestamp,should_dsl_update_with_ttl,30,3,0
Achilles,info.archinnov.achilles.it.bugs.TestDynamicKeyspaceWithUDT,should_dsl_update_list_prepend_with_dynamic_ks,29,4,1
Achilles,info.archinnov.achilles.it.TestDSLSimpleEntity,should_dsl_update_value_if_exists,37,3,1
Achilles,info.archinnov.achilles.it.TestDSLEntityWithClusterings,should_dsl_select_slice_with_clusterings_IN_same_partition,69,2,0
Achilles,info.archinnov.achilles.it.TestEntityWithCustomConstructor,should_typed_query,18,6,0
Achilles,info.archinnov.achilles.it.TestEntityWithComplexTypes,should_find,61,42,1
Achilles,info.archinnov.achilles.it.TestDSLSimpleEntity,should_dsl_update_set_setValue,21,1,0
Achilles,info.archinnov.achilles.it.bugs.ConsistencyLevelOrderingIT,should_override_cluster_consistency_level_by_consistency_level_map_value,17,0,0
Achilles,info.archinnov.achilles.it.TestEntityWithCounterColumn,should_delete_by_id,17,1,0
Achilles,info.archinnov.achilles.it.TestNativeQueries,should_limit_displayed_returned_results,37,1,0
Achilles,info.archinnov.achilles.it.TestDSLSimpleEntity,should_dsl_update_list_prependAll,21,1,0
Achilles,info.archinnov.achilles.it.bugs.TestDynamicKeyspaceWithUDT,should_update_using_lwt_gte_with_dynamic_ks,30,2,1
Achilles,info.archinnov.achilles.it.TestCRUDSimpleEntity,should_delete_entity_generate_query_and_bound_values,24,4,0
Achilles,info.archinnov.achilles.it.TestEntityWithCompositePartitionKey,should_dsl_select_with_IN_clause,40,2,0
Achilles,info.archinnov.achilles.it.bugs.ConsistencyLevelOrderingIT,should_override_static_consistency_setting_by_runtime_value,18,0,0
Achilles,info.archinnov.achilles.it.TestTypedQueries,should_fail_regular_typed_query_if_not_SELECT_statement,13,0,0
Achilles,info.archinnov.achilles.it.TestTypedQueries,should_fail_regular_typed_query_if_table_not_correspond,13,0,0
Achilles,info.archinnov.achilles.it.bugs.TestEntityWithNestedUdtIT,should_select_some_udt_columns,36,4,0
Achilles,info.archinnov.achilles.it.bugs.TestOverridingSchemaNameProvider,should_insert_with_overriden_schema_name_provider,25,1,2
Achilles,info.archinnov.achilles.it.TestTypedQueries,should_perform_bound_statement_typed_query,18,2,0
Achilles,info.archinnov.achilles.it.TestEntityWithCustomConstructorAndDeclaredFields,should_dsl_select_one,16,6,0
Achilles,info.archinnov.achilles.it.bugs.TestDynamicKeyspaceWithUDT,should_delete_using_lwt_lt_with_dynamic_ks,24,2,1
Achilles,info.archinnov.achilles.it.TestDSLSimpleEntity,should_dsl_select_with_options,61,6,0
Achilles,info.archinnov.achilles.it.TestCRUDSimpleEntity,should_delete_by_id_with_execution_info,18,3,0
Achilles,info.archinnov.achilles.it.TestDSLSimpleEntity,should_dsl_delete_if_exists,38,2,1
Achilles,info.archinnov.achilles.it.TestDSLSimpleEntity,should_dsl_select_using_schema_name_provider,34,2,1
Achilles,info.archinnov.achilles.it.TestAsyncDSLSimpleEntity,should_dsl_update_value_async,42,0,2
Achilles,info.archinnov.achilles.it.bugs.TestEntityHavingUDTWithNoKeyspaceIT,should_bootstrap_achilles_correctly,18,0,1
Achilles,info.archinnov.achilles.it.TestEntityWithComplexIndices,should_query_using_map_key_value,19,2,0
Achilles,info.archinnov.achilles.it.TestImmutableEntity,should_dsl_select_one,16,6,0
Achilles,info.archinnov.achilles.it.bugs.TestDynamicKeyspaceWithUDT,should_dsl_update_map_key_put_with_dynamic_ks,35,4,1
Achilles,info.archinnov.achilles.it.TestDSLSimpleEntity,should_dsl_update_with_options,29,2,0
Achilles,info.archinnov.achilles.it.TestALLEntityAsChild,should_dsl_select_one,21,3,0
Achilles,info.archinnov.achilles.it.bugs.TestEntityWithCaseSensitivePKIT,should_dsl_select_with_tuple_relations,28,7,0
Achilles,info.archinnov.achilles.it.bugs.TestDynamicKeyspaceWithUDT,should_update_using_lwt_lt_with_dynamic_ks,25,2,1
Achilles,info.archinnov.achilles.it.TestDSLSimpleEntity,should_dsl_update_value_if_equal,44,4,0
Achilles,info.archinnov.achilles.it.TestALLEntityAsChild,should_delete_entity_generate_query_and_bound_values,20,4,0
Achilles,info.archinnov.achilles.it.TestEntityWithStaticCounterColumn,should_find,21,3,0
Achilles,info.archinnov.achilles.it.TestDSLEntityWithClusterings,should_dsl_select_slice_with_different_partitions,70,2,0
Achilles,info.archinnov.achilles.it.TestDSLSimpleEntity,should_dsl_delete_with_execution_info,24,2,0
Achilles,info.archinnov.achilles.it.TestEntityWithCompositePartitionKey,should_find,16,1,0
Achilles,info.archinnov.achilles.it.bugs.TestOverridingSchemaNameProvider,should_insert_with_default_schema_name_provider,22,1,1
Achilles,info.archinnov.achilles.it.TestBeanValidation,should_verify_bean_validator_called_last_on_pre_insert,18,2,2
Achilles,info.archinnov.achilles.it.TestEntityWithComplexIndices,should_query_using_map_key_entry,19,2,0
Achilles,info.archinnov.achilles.it.bugs.TestOverridingSchemaNameProvider,should_dsl_select_using_runtime_schema_name,17,1,2
Achilles,info.archinnov.achilles.it.TestBeanValidation,should_fail_on_pre_insert_because_empty_text,16,0,2
Achilles,info.archinnov.achilles.it.TestEntityWithStaticColumn,should_insert_static,21,3,0
Achilles,info.archinnov.achilles.it.TestEntityWithCompositePartitionKey,should_dsl_select_using_token_function,27,3,3
Achilles,info.archinnov.achilles.it.TestCRUDSimpleEntity,should_delete_by_id,13,1,0
Achilles,info.archinnov.achilles.it.bugs.TestDynamicKeyspaceWithUDT,should_dsl_update_set_add_with_dynamic_ks,34,4,1
Achilles,info.archinnov.achilles.it.TestEntityWithStaticAnnotations,should_find_using_static_consistency,25,1,0
Achilles,info.archinnov.achilles.it.TestDSLSimpleEntity,should_dsl_update_with_schema_name,33,1,1
Achilles,info.archinnov.achilles.it.TestDSLSimpleEntity,should_dsl_update_set_addAll,21,1,0
Achilles,info.archinnov.achilles.it.TestCRUDSimpleEntity,should_insert_with_downgrading_consistency,22,1,0
Achilles,info.archinnov.achilles.it.bugs.TestDynamicKeyspaceWithUDT,should_dsl_update_map_value_set_with_dynamic_ks,30,4,1
Achilles,info.archinnov.achilles.it.TestAsyncCRUDSimpleEntity,should_insert_async,32,4,2
Achilles,info.archinnov.achilles.it.TestDSLSimpleEntity,should_dsl_update_list_setAtIndex,22,1,0
Achilles,info.archinnov.achilles.it.TestALLEntityAsChild,should_insert,14,3,0
Achilles,info.archinnov.achilles.it.TestTypedQueries,should_iterate_regular_typed_query,35,3,0
Achilles,info.archinnov.achilles.it.TestNativeQueries,should_perform_bound_statement_native_query,18,2,0
Achilles,info.archinnov.achilles.it.bugs.TestOverridingSchemaNameProvider,should_delete_using_default_schema_name,15,1,1
Achilles,info.archinnov.achilles.it.TestCRUDSimpleEntity,should_find_with_async_listeners,22,3,0
Achilles,info.archinnov.achilles.it.TestAsyncCRUDSimpleEntity,should_delete_instance_async,30,2,1
Achilles,info.archinnov.achilles.it.TestAsyncDSLSimpleEntity,should_dsl_select_slice_async,50,1,0
Achilles,info.archinnov.achilles.it.bugs.TestOverridingSchemaNameProvider,should_dsl_update_using_default_schema_name,21,2,1
Achilles,info.archinnov.achilles.it.TestEntityWithStaticAnnotations,should_insert_overriding_static_conf,29,2,0
Achilles,info.archinnov.achilles.it.TestDSLSimpleEntity,should_dsl_update_map_set,24,4,0
Achilles,info.archinnov.achilles.it.bugs.TestEntityWithCaseSensitivePKIT,should_insert_and_find,25,7,0
Achilles,info.archinnov.achilles.it.TestCRUDSimpleEntity,should_find_by_id,16,5,0
Achilles,info.archinnov.achilles.it.TestEntityWithStaticCounterColumn,should_delete_by_id,20,1,0
Achilles,info.archinnov.achilles.it.bugs.ClassLevelTracing,should_activate_tracing_programmatically,18,0,0
Achilles,info.archinnov.achilles.it.TestCRUDSimpleEntity,should_delete_with_schema_name_provider,27,1,1
Achilles,info.archinnov.achilles.it.bugs.TestOverridingSchemaNameProvider,should_find_using_default_schema_name,14,1,1
Achilles,info.archinnov.achilles.it.TestDSLSimpleEntity,should_dsl_update_value_with_execution_info,22,2,0
Achilles,info.archinnov.achilles.it.bugs.TestEntityWithCaseSensitivePKIT,should_dsl_select_with_token_value,27,7,0
Achilles,info.archinnov.achilles.it.TestAsyncCRUDSimpleEntity,should_find_by_id_async,32,3,0
Achilles,info.archinnov.achilles.it.bugs.TestEntityWithCaseSensitivePKIT,should_dsl_update,29,8,0
Achilles,info.archinnov.achilles.it.TestDSLSimpleEntity,should_dsl_update_set_removeAll,22,1,0
Achilles,info.archinnov.achilles.it.TestCRUDSimpleEntity,should_find_by_id_with_execution_info,18,3,0
Achilles,info.archinnov.achilles.it.bugs.TestDynamicKeyspaceWithUDT,should_dsl_update_map_value_put_with_dynamic_ks,34,4,1
Achilles,info.archinnov.achilles.it.bugs.ValidateSchemaIT,should_fail_validating_schema_when_static_column_missing,18,0,4
Achilles,info.archinnov.achilles.it.TestTypedQueries,should_perform_regular_typed_query,16,2,0
Achilles,info.archinnov.achilles.it.TestAsyncDSLSimpleEntity,should_dsl_delete_async,32,0,2
Achilles,info.archinnov.achilles.it.TestImmutableEntity,should_typed_query,18,6,0
Achilles,info.archinnov.achilles.it.TestEntityWithComplexIndices,should_query_using_collection_index,19,2,0
Achilles,info.archinnov.achilles.it.TestDSLSimpleEntity,should_dsl_update_generate_query_string_and_encoded_values,30,4,0
Achilles,info.archinnov.achilles.it.TestEntityWithStaticAnnotations,should_insert_using_static_ttl,20,1,0
Achilles,info.archinnov.achilles.it.TestDSLSimpleEntity,should_dsl_delete,26,5,0
Achilles,info.archinnov.achilles.it.TestCRUDSimpleEntity,should_insert_with_timestamp,20,2,0
Achilles,info.archinnov.achilles.it.TestCRUDSimpleEntity,should_insert_with_ttl,21,1,0
Achilles,info.archinnov.achilles.it.TestDSLSimpleEntity,should_dsl_select_one,27,5,0
Achilles,info.archinnov.achilles.it.TestEntityWithStaticColumn,should_dsl_delete_static,23,2,0
Achilles,info.archinnov.achilles.it.bugs.TestDynamicKeyspaceWithUDT,should_dsl_update_map_value_remove_with_dynamic_ks,29,4,1
Achilles,info.archinnov.achilles.it.TestDSLEntityWithClusterings,should_dsl_delete_multiple_partitions,66,6,0
Achilles,info.archinnov.achilles.it.TestEntityWithComplexTuple,should_insert,25,3,10
Achilles,info.archinnov.achilles.it.TestDSLSimpleEntity,should_dsl_select_with_token_value,26,5,0
Achilles,info.archinnov.achilles.it.TestEntityWithStaticCounterColumn,should_dsl_delete_static,26,3,0
Achilles,info.archinnov.achilles.it.TestEntityWithCounterColumn,should_find,17,2,0
Achilles,info.archinnov.achilles.it.TestInterceptorsSimpleEntity,should_trigger_for_dsl_select,47,9,7
Achilles,info.archinnov.achilles.it.bugs.TestOverridingSchemaNameProvider,should_dsl_delete_using_default_schema_name,18,1,1
Achilles,info.archinnov.achilles.it.TestEntityWithCompositePartitionKey,should_dsl_select_with_token_value,53,2,0
Achilles,info.archinnov.achilles.it.bugs.TestEntityWithNonExistingKeyspaceIT,should_fail_if_entity_keyspace_does_not_exist,21,0,3
Achilles,info.archinnov.achilles.it.TestDSLSimpleEntity,should_dsl_update_list_appendAll,21,1,0
Achilles,info.archinnov.achilles.it.TestALLEntityAsChild,should_dsl_delete,21,3,0
Achilles,info.archinnov.achilles.it.bugs.TestEntityWithNestedUdtIT,should_update_nested_udt,29,1,0
Achilles,info.archinnov.achilles.it.TestALLEntityAsChild,should_dsl_update_child_value,20,2,0
Achilles,info.archinnov.achilles.it.TestEntityWithCustomConstructorAndDeclaredFields,should_find_by_id,16,6,0
Achilles,info.archinnov.achilles.it.bugs.TestEntityWithCaseSensitivePKIT,should_dsl_select,27,7,0
Achilles,info.archinnov.achilles.it.TestInterceptorsSimpleEntity,should_trigger_for_find,16,2,7
Achilles,info.archinnov.achilles.it.TestEntityWithStaticCounterColumn,should_dsl_update_static,21,2,0
Achilles,info.archinnov.achilles.it.TestBeanValidation,should_fail_on_pre_insert_because_invalid_email_in_udt,16,0,2
Achilles,info.archinnov.achilles.it.TestCRUDSimpleEntity,should_find_with_schema_name_provider,31,6,1
Achilles,info.archinnov.achilles.it.bugs.TestDynamicKeyspaceWithUDT,should_dsl_update_list_set_with_dynamic_ks,29,4,1
Achilles,info.archinnov.achilles.it.TestDSLEntityWithClusterings,should_dsl_select_slice_with_clustering_IN_same_partition,69,2,0
Achilles,info.archinnov.achilles.it.TestEntityWithCounterColumn,should_dsl_update,21,2,0
Achilles,info.archinnov.achilles.it.TestDSLSimpleEntity,should_dsl_select_with_iterator,56,10,3
Achilles,info.archinnov.achilles.it.TestNativeQueries,should_iterate_regular_typed_query,34,3,0
Achilles,info.archinnov.achilles.it.bugs.TestDynamicKeyspaceWithUDT,should_crud_insert_with_dynamic_ks,20,1,1
Achilles,info.archinnov.achilles.it.TestDSLSimpleEntity,should_dsl_update_map_addAll,24,4,0
Achilles,info.archinnov.achilles.it.TestEntityWithComplexIndices,should_query_using_simple_index,19,2,0
Achilles,info.archinnov.achilles.it.bugs.TestDynamicKeyspaceWithUDT,should_delete_using_lwt_gte_with_dynamic_ks,24,2,1
Achilles,info.archinnov.achilles.it.TestBeanValidation,should_fail_on_pre_insert_because_failed_constraint_in_udt,16,0,3
Achilles,info.archinnov.achilles.it.bugs.MultiLayerNestingIT,should_handle_3_levels_of_nesting_udt,16,6,0
Achilles,info.archinnov.achilles.it.bugs.TestCopyAllOptionsFromRegularStatementForTypedQuery,should_use_type_query_with_fetch_size,24,1,0
Achilles,info.archinnov.achilles.it.TestDSLEntityWithClusterings,should_dsl_select_slice_with_asymetric_tuples_same_partition,69,4,0
Achilles,info.archinnov.achilles.it.TestEntityWithStaticCounterColumn,should_delete_instance,16,1,0
Achilles,info.archinnov.achilles.it.TestEntityWithCounterColumn,should_delete_instance,16,1,0
Achilles,info.archinnov.achilles.it.TestDSLSimpleEntity,should_dsl_delete_with_options,28,2,0
Achilles,info.archinnov.achilles.it.TestEntityWithStaticColumn,should_dsl_update_static,24,2,0
Achilles,info.archinnov.achilles.it.bugs.TestDynamicKeyspaceWithUDT,should_dsl_update_map_key_remove_with_dynamic_ks,30,4,1
Achilles,info.archinnov.achilles.it.TestDSLSimpleEntity,should_dsl_select_with_double_IN,24,2,0
Achilles,info.archinnov.achilles.it.TestDSLEntityWithClusterings,should_dsl_select_slice_with_displayed_results_max,51,1,0
Achilles,info.archinnov.achilles.it.bugs.TestDynamicKeyspaceWithUDT,should_dsl_update_udt_value_with_dynamic_ks,28,3,1
Achilles,info.archinnov.achilles.junit.AchillesTestResourceTest,should_start_cassandra_and_create_session,11,3,0
Achilles,info.archinnov.achilles.it.TestCastFunctionCallIT,should_dsl_with_nested_system_casting_call,23,3,0
Achilles,info.archinnov.achilles.it.TestCastFunctionCallIT,should_dsl_with_cast_nested_into_udf_call,24,3,0
